Rk,Player,Pos,Age,Tm,G,GS,MP,FG,FGA,FG%?,3P,3PA,3P%,2P,2PA,2P%,eFG%,FT,FTA,FT%,ORB,DRB,TRB,AST,STL,BLK,TOV,PF,PS/G
1,Naz Mitrou-Long\mitrona01,SG,24,UTA,1,0,1,1,1,1,1,1,1,0,0,,1.5,0,0,,0,0,0,0,0,0,0,0,3
2,Johnathan Motley\motlejo01,PF,22,DAL,2,0,2,1.5,1.5,1,0,0,,1.5,1.5,1,1,1.5,3,0.5,0,2,2,0,0,0.5,0,0,4.5
3,Marshall Plumlee\plumlma02,C,25,MIL,4,0,5,0.3,0.3,1,0,0,,0.3,0.3,1,1,2,2.5,0.8,0.5,1.8,2.3,0,0,0.3,0.5,1,2.5
4,Nick Collison\collini01,PF,37,OKC,8,0,5.5,0.6,0.8,0.833,0,0,,0.6,0.8,0.833,0.833,0.4,0.5,0.75,0.4,1,1.4,0.4,0,0,0.3,0.6,1.6
5,Adreian Payne\paynead01,PF,26,ORL,5,0,8.6,1.4,2,0.7,0.4,0.6,0.667,1,1.4,0.714,0.8,1,1.2,0.833,0.4,1.4,1.8,0,0.4,0,0.4,1.2,4.2
6,Ivan Rabb\rabbiv01,PF,20,MEM,12,1,10.2,2.1,3,0.694,0,0,,2.1,3,0.694,0.694,0.8,0.9,0.818,1.3,1.5,2.8,0.7,0,0.3,0.8,1.2,4.9
7,Andrew Bogut\bogutan01,C,33,LAL,24,5,9,0.7,1,0.68,0,0,,0.7,1,0.68,0.68,0.1,0.1,1,1.1,2.2,3.3,0.6,0.2,0.5,0.8,1.7,1.5
8,Willie Reed\reedwi02,C,27,LAC,39,5,10.7,2.1,3.1,0.667,0,0.1,0.5,2,3,0.669,0.671,0.8,1.4,0.582,0.9,2.2,3.1,0.2,0.2,0.6,0.5,1.4,4.9
9,Salah Mejri\mejrisa01,C,31,DAL,47,1,12.1,1.4,2.2,0.667,0,0,0,1.4,2.1,0.68,0.667,0.6,1.1,0.52,1.4,2.8,4.2,0.5,0.4,1.1,0.6,2.1,3.4
10,DeAndre Jordan\jordade01,C,29,LAC,45,45,32.1,4.8,7.3,0.665,0,0,,4.8,7.3,0.665,0.665,2.1,3.6,0.589,4.3,10.6,14.9,1.2,0.4,1,1.7,2.9,11.8
11,Jordan Bell\belljo01,C,23,GSW,38,11,14.4,2.3,3.4,0.664,0,0.1,0,2.3,3.4,0.68,0.664,0.5,0.8,0.667,1.2,2.7,3.9,1.8,0.7,1.1,1,1.9,5.1
12,Clint Capela\capelca01,C,23,HOU,44,44,26.7,6.1,9.2,0.659,0,0,0,6.1,9.2,0.661,0.659,2.1,3.5,0.594,3.2,7.6,10.8,1.1,0.8,1.7,1.6,2.8,14.2
13,Steven Adams\adamsst01,C,24,OKC,46,46,32.2,6,9.3,0.64,0,0,0,6,9.3,0.643,0.64,1.9,3.2,0.585,5.3,3.8,9.1,1,1.2,1,1.6,2.9,13.8
14,JaVale McGee\mcgeeja01,C,30,GSW,35,4,8.1,1.8,2.8,0.639,0,0.1,0,1.8,2.6,0.674,0.639,0.5,0.7,0.76,0.7,1.2,1.9,0.5,0.3,0.7,0.4,1.2,4.1
15,Jakob Poeltl\poeltja01,C,22,TOR,49,0,17.8,3,4.7,0.638,0,0,0.5,3,4.7,0.639,0.64,0.7,1.4,0.529,2.2,2.5,4.7,0.5,0.3,1.2,0.9,2.6,6.8
16,Brice Johnson\johnsbr02,PF,23,LAC,9,0,4.2,0.8,1.2,0.636,0,0.1,0,0.8,1.1,0.7,0.636,0.2,0.2,1,0.2,1.2,1.4,0.1,0.7,0.2,0.4,0.8,1.8
17,Kyle Collinsworth\colliky01,SF,26,DAL,11,0,10.5,0.9,1.5,0.625,0.2,0.3,0.667,0.7,1.2,0.615,0.688,0.5,1.1,0.417,0.4,2.2,2.5,0.8,0.6,0,0.5,1.2,2.5
18,Deyonta Davis\davisde01,C,21,MEM,36,1,12.5,2.1,3.4,0.621,0,0,,2.1,3.4,0.621,0.621,0.7,1,0.686,1.1,2.3,3.5,0.5,0.3,0.7,0.6,1.9,4.9
19,Tyson Chandler\chandty01,C,35,PHO,38,38,25.4,2.6,4.1,0.618,0,0,,2.6,4.1,0.618,0.618,1.4,2.2,0.619,3.1,6.5,9.6,1.1,0.3,0.6,1.3,2.5,6.5
20,Miles Plumlee\plumlmi01,C,29,ATL,32,29,17,2,3.3,0.61,0,0,,2,3.3,0.61,0.61,0.5,1.1,0.457,1.5,2.5,4,0.9,0.4,0.6,1.1,1.4,4.5
21,Enes Kanter\kanteen01,C,25,NYK,49,49,25.6,6,9.9,0.609,0,0,0,6,9.8,0.611,0.609,2,2.3,0.876,3.4,6.8,10.3,1.5,0.5,0.6,1.8,2.6,14
22,Meyers Leonard\leoname01,C,25,POR,17,2,8.9,1.8,3,0.608,0.4,0.9,0.467,1.4,2.1,0.667,0.676,0.4,0.5,0.75,0.4,1.8,2.2,0.5,0.2,0,0.3,1.3,4.4
23,Larry Nance\nancela02,PF,25,LAL,39,17,22.5,3.7,6.2,0.603,0,0.1,0,3.7,6.1,0.611,0.603,1.4,2.2,0.624,2.5,4.3,6.7,1.4,1.5,0.5,0.9,2.8,8.8
24,Montrezl Harrell\harremo01,C,24,LAC,44,3,15.4,3.6,6,0.603,0,0,0,3.6,5.9,0.608,0.603,1.6,2.6,0.632,1.4,2.6,4,0.8,0.4,0.6,0.8,1.7,8.8
25,David West\westda01,C,37,GSW,49,0,13.4,3.1,5.1,0.602,0.1,0.1,0.429,3,4.9,0.607,0.608,0.8,1.1,0.712,0.9,2.5,3.3,1.8,0.6,1.1,1,1.6,6.9
26,Greg Monroe\monrogr01,C,27,TOT,25,14,21.8,4.5,7.5,0.601,0,0,,4.5,7.5,0.601,0.601,1.3,2,0.66,2.2,5.2,7.4,2.2,0.6,0.2,1.8,1.9,10.4
27,Nene Hilario\hilarne01,C,35,HOU,33,3,14.8,2.9,4.8,0.601,0,0.1,0,2.9,4.7,0.609,0.601,1.3,2,0.667,0.9,2.4,3.3,0.9,0.5,0.3,0.8,2.5,7.1
28,Cristiano Felicio\feliccr01,C,25,CHI,28,0,13,1.6,2.7,0.6,0,0,,1.6,2.7,0.6,0.6,0.7,1.1,0.594,1,1.7,2.7,0.7,0.1,0.2,0.6,1.7,3.9
29,Daniel Hamilton\hamilda02,SG,22,OKC,2,0,4.5,1.5,2.5,0.6,0.5,1,0.5,1,1.5,0.667,0.7,0,0,,0,0.5,0.5,2,0.5,0,0,0,3.5
30,Willy Hernangomez\hernawi01,C,23,NYK,25,0,9.2,1.9,3.2,0.6,0,0.2,0.2,1.9,3,0.627,0.606,0.5,1.1,0.429,0.9,1.8,2.6,0.8,0.3,0.2,1,1.3,4.4
31,Vince Hunter\huntevi01,PF,23,MEM,4,0,1.8,0.8,1.3,0.6,0,0,,0.8,1.3,0.6,0.6,0,0,,0.5,0.3,0.8,0,0,0.3,0.3,0,1.5
32,Kevon Looney\looneke01,C,21,GSW,40,0,11.1,1.2,2.1,0.598,0,0,,1.2,2.1,0.598,0.598,0.6,1,0.6,1.1,1.7,2.8,0.6,0.3,0.6,0.5,1.4,3.1
33,John Collins\collijo01,PF,20,ATL,45,4,22.1,4.3,7.2,0.596,0.1,0.3,0.333,4.2,6.8,0.609,0.604,1.9,2.6,0.744,2.8,4.3,7,1,0.6,1.1,1.3,3,10.6
34,Lucas Nogueira\noguelu01,C,25,TOR,28,2,10.4,1.2,2,0.596,0.1,0.5,0.231,1.1,1.6,0.705,0.623,0.4,0.6,0.75,0.5,1.7,2.1,0.4,0.5,1.1,0.4,1.3,3
35,Zaza Pachulia\pachuza01,C,33,GSW,41,41,14.7,2.4,4,0.595,0,0,,2.4,4,0.595,0.595,1,1.3,0.827,1,3.7,4.8,1.7,0.6,0.2,1.1,1.7,5.8
36,John Henson\hensojo01,C,27,MIL,48,41,25.1,3.8,6.3,0.594,0,0.1,0,3.8,6.2,0.602,0.594,1.3,2.3,0.578,1.9,4.8,6.7,1.4,0.5,1.5,1.3,2.8,8.8
37,Omri Casspi\casspom01,SF,29,GSW,39,6,15.6,2.5,4.2,0.594,0.2,0.5,0.5,2.3,3.8,0.605,0.621,1.1,1.4,0.782,0.6,3.5,4.1,1.1,0.4,0.5,0.8,1.5,6.4
38,Kyle O'Quinn\oquinky01,C,27,NYK,50,3,16.7,2.6,4.5,0.587,0,0.1,0,2.6,4.4,0.603,0.587,1.3,1.7,0.767,1.4,4.2,5.7,1.9,0.4,1,1.4,2.6,6.6
39,Dwight Powell\poweldw01,C,26,DAL,51,1,18.7,2.7,4.6,0.586,0.3,1,0.26,2.5,3.7,0.674,0.614,1.2,1.7,0.674,1.5,3.3,4.8,0.8,0.8,0.4,0.6,2.3,6.9
40,Rudy Gobert\goberru01,C,25,UTA,24,24,30,4.5,7.7,0.584,0,0,,4.5,7.7,0.584,0.584,3.3,5,0.658,2.8,6.9,9.7,1.2,0.7,2.4,1.8,2.5,12.3
41,Mason Plumlee\plumlma01,C,27,DEN,50,26,20.9,3.1,5.4,0.581,0,0,0,3.1,5.4,0.584,0.581,1.1,2.7,0.421,1.9,4.1,6,2,0.7,1.2,1.6,2.4,7.4
42,Jarrett Allen\allenja01,C,19,BRK,43,2,17.4,2.7,4.7,0.576,0.1,0.2,0.429,2.7,4.6,0.582,0.584,1.3,1.7,0.761,1.8,3,4.8,0.5,0.4,0.8,1,2,6.8
43,Ed Davis\davised01,C,28,POR,51,0,18.8,2.2,3.9,0.573,0,0,,2.2,3.9,0.573,0.573,1.1,1.7,0.655,2.5,4.6,7.1,0.5,0.5,0.7,0.9,2.5,5.6
44,Taj Gibson\gibsota01,PF,32,MIN,54,54,33.6,5.2,9.1,0.572,0.1,0.6,0.233,5.1,8.5,0.594,0.579,1.7,2.2,0.756,2.6,4.9,7.4,1.3,0.9,0.7,1.1,2.6,12.2
45,Brandan Wright\wrighbr03,PF,30,MEM,26,1,13.5,2.1,3.7,0.568,0,0,,2.1,3.7,0.568,0.568,0.8,1.3,0.636,1.2,2.3,3.5,0.4,0.5,0.9,0.3,1,5
46,Tristan Thompson\thomptr01,C,26,CLE,30,9,19.9,2.3,4,0.567,0,0,,2.3,4,0.567,0.567,1,1.6,0.617,2.1,3.9,5.9,0.6,0.3,0.4,0.7,2.1,5.5
47,Tarik Black\blackta01,C,26,HOU,34,0,10.1,1.5,2.6,0.567,0,0.2,0,1.5,2.4,0.622,0.567,0.6,1.3,0.467,1.3,1.8,3,0.2,0.4,0.5,0.8,2.1,3.6
48,Jonas Valanciunas\valanjo01,C,25,TOR,45,45,21.4,4.6,8.2,0.565,0.2,0.6,0.423,4.4,7.6,0.576,0.58,2.3,2.7,0.858,2.3,6.1,8.4,0.8,0.4,0.7,1.5,2.7,11.8
49,JaKarr Sampson\sampsja02,SF,24,SAC,7,2,15.7,1.9,3.3,0.565,0.3,0.4,0.667,1.6,2.9,0.55,0.609,0.3,0.3,1,1.1,3.3,4.4,0.3,0.3,0.6,0.3,2.9,4.3
50,Cheick Diallo\diallch01,PF,21,NOP,23,0,6.7,1.1,2,0.565,0,0,,1.1,2,0.565,0.565,0.5,0.7,0.688,0.5,1.5,2,0.2,0,0,0.3,1.3,2.7
51,Mike Scott\scottmi01,PF,29,WAS,46,1,18.4,3.7,6.6,0.564,1,2.2,0.431,2.8,4.4,0.631,0.636,0.7,0.9,0.714,0.6,2.6,3.2,0.8,0.4,0.2,1.1,2.1,9.1
52,Hassan Whiteside\whiteha01,C,28,MIA,33,33,25.8,5.9,10.6,0.56,0.1,0.1,1,5.9,10.5,0.557,0.563,2.5,3.3,0.736,3,8.8,11.8,0.8,0.7,1.7,1.8,2.3,14.4
53,Bam Adebayo\adebaba01,C,20,MIA,42,10,20,2.6,4.6,0.56,0,0.1,0,2.6,4.5,0.571,0.56,1.7,2.2,0.745,1.6,3.4,5,1.5,0.6,0.6,1,2,6.8
54,Dewayne Dedmon\dedmode01,C,28,ATL,32,20,23.2,4.1,7.4,0.559,0.7,1.7,0.389,3.5,5.7,0.61,0.604,1.1,1.4,0.773,1.8,5.7,7.6,1.5,0.4,0.7,1.4,3,10
55,Alex Len\lenal01,C,24,PHO,43,2,20.8,3,5.4,0.558,0,0,,3,5.4,0.558,0.558,2.4,3.3,0.732,2.7,5.4,8.1,1.2,0.3,0.9,1.3,2.2,8.5
56,Trey Burke\burketr01,PG,25,NYK,8,0,12.6,3.1,5.6,0.556,0.4,1.1,0.333,2.8,4.5,0.611,0.589,0.8,1.1,0.667,0.3,0.6,0.9,3.4,0.1,0,0.5,0.6,7.4
57,Alfonzo McKinnie\mckinal01,SF,25,TOR,10,0,3.8,0.5,0.9,0.556,0.1,0.5,0.2,0.4,0.4,1,0.611,0.2,0.3,0.667,0,0.6,0.6,0.1,0.1,0.1,0.3,0.6,1.3
58,Julius Randle\randlju01,C,23,LAL,50,17,23.5,5.3,9.6,0.553,0.2,0.7,0.222,5.2,8.9,0.58,0.561,3,4.3,0.699,2,5.3,7.3,2.1,0.5,0.6,2.3,3.3,13.8
59,Ian Mahinmi\mahinia01,C,31,WAS,48,0,14.2,1.4,2.6,0.553,0,0,,1.4,2.6,0.553,0.553,1,1.5,0.714,1.6,2.1,3.7,0.7,0.5,0.5,1.2,3,3.9
60,Derrick Favors\favorde01,C,26,UTA,47,47,28.1,5.1,9.3,0.55,0.1,0.5,0.208,5,8.8,0.57,0.556,2,2.9,0.701,2.5,4.7,7.2,1.4,0.8,1,1.3,2.3,12.3
61,Kosta Koufos\koufoko01,C,28,SAC,47,7,19.1,2.7,4.9,0.55,0,0,,2.7,4.9,0.55,0.55,0.6,1.2,0.474,2,4.2,6.2,1.1,0.7,0.4,0.7,1.9,6
62,Andre Drummond\drumman01,C,24,DET,47,47,33.2,5.9,10.7,0.549,0,0.1,0,5.9,10.6,0.555,0.549,3,4.9,0.619,5,10.3,15.3,3.9,1.6,1.4,2.8,3.3,14.8
63,Giannis Antetokounmpo\antetgi01,PF,23,MIL,45,45,37.2,10.4,18.9,0.548,0.5,1.7,0.303,9.8,17.2,0.572,0.561,7.3,9.4,0.769,2.3,8,10.3,4.7,1.5,1.3,2.8,3.1,28.5
64,Anthony Davis\davisan02,PF,24,NOP,44,44,36.4,9.6,17.5,0.547,0.6,1.8,0.346,9,15.7,0.571,0.565,6.6,8,0.822,2.5,8.2,10.6,2.6,1.2,2.2,2,2,26.4
65,Tyler Zeller\zellety01,C,28,BRK,42,33,16.7,3,5.5,0.546,0.2,0.6,0.385,2.7,4.8,0.567,0.568,1,1.4,0.667,1.5,3.1,4.6,0.7,0.2,0.5,0.8,1.9,7.1
66,LeBron James\jamesle01,PF,33,CLE,50,50,37,10.2,18.7,0.545,1.7,4.9,0.35,8.5,13.8,0.614,0.59,4.5,6.1,0.744,1.2,6.8,7.9,8.7,1.6,1.1,4.5,1.6,26.6
67,Timofey Mozgov\mozgoti01,C,31,BRK,25,14,12.8,1.7,3.2,0.544,0.2,0.7,0.222,1.6,2.4,0.639,0.57,0.8,1,0.76,1.1,2.3,3.4,0.3,0.2,0.4,1.2,1.4,4.4
68,Dwight Howard\howardw01,C,32,CHO,50,50,31,5.9,10.8,0.543,0,0.1,0,5.9,10.7,0.546,0.543,4.2,7.7,0.554,3.5,9.2,12.7,1.4,0.7,1.7,3,3.2,16
69,Dakari Johnson\johnsda04,C,22,OKC,22,5,6,0.9,1.6,0.543,0,0,,0.9,1.6,0.543,0.543,0.4,0.6,0.571,0.5,0.7,1.2,0.4,0.3,0.3,0.1,1,2.1
70,Karl-Anthony Towns\townska01,C,22,MIN,54,54,35.3,7.4,13.7,0.539,1.4,3.6,0.401,5.9,10.1,0.588,0.591,3.6,4.3,0.841,2.9,9.3,12.1,2.3,0.8,1.5,2,3.3,19.8
71,Domantas Sabonis\sabondo01,C,21,IND,50,19,25.5,5,9.3,0.539,0.2,0.5,0.36,4.8,8.8,0.549,0.548,2.4,3.3,0.724,2.6,5.9,8.4,2.1,0.5,0.5,2,3,12.5
72,Andre Roberson\roberan03,SG,26,OKC,39,39,26.6,2.2,4.2,0.537,0.2,0.9,0.222,2,3.2,0.627,0.562,0.3,1,0.316,1.9,2.8,4.7,1.2,1.2,0.9,0.8,2.3,5
73,Trevor Booker\booketr01,PF,30,TOT,41,5,18,3,5.6,0.535,0.1,0.4,0.188,2.9,5.2,0.561,0.541,1.3,1.9,0.688,1.8,3.4,5.2,1.3,0.4,0.3,1.1,1.8,7.4
74,Richaun Holmes\holmeri01,C,24,PHI,26,2,15.2,2.8,5.2,0.533,0.1,0.8,0.136,2.7,4.3,0.611,0.544,0.7,1,0.692,1.2,3.2,4.4,1.1,0.4,0.4,0.6,2.3,6.3
75,Amir Johnson\johnsam01,C,30,PHI,45,9,15.3,1.9,3.6,0.531,0.1,0.4,0.25,1.8,3.2,0.562,0.543,0.8,1.3,0.603,1.8,2.8,4.5,1.4,0.6,0.7,0.8,2.7,4.7
76,Marcin Gortat\gortama01,C,33,WAS,50,50,26.5,3.7,7,0.53,0,0,,3.7,7,0.53,0.53,1.4,2.3,0.617,2.2,5.8,8,1.7,0.6,0.7,1.2,2.2,8.9
77,Bismack Biyombo\biyombi01,C,25,ORL,50,16,18.9,2.1,4,0.53,0,0,0,2.1,3.9,0.533,0.53,1.3,2,0.673,1.8,4,5.9,0.6,0.2,1.4,1.1,2.1,5.5
78,Robin Lopez\lopezro01,C,29,CHI,51,51,27.9,5.7,10.7,0.528,0,0.1,0.286,5.6,10.6,0.531,0.53,1.2,1.5,0.776,2.2,2.5,4.8,2,0.2,0.8,1.7,1.9,12.5
79,Ben Simmons\simmobe01,PG,21,PHI,47,47,35.1,7.1,13.4,0.528,0,0.2,0,7.1,13.2,0.537,0.528,2.5,4.5,0.561,1.7,6.1,7.8,7.3,1.8,0.9,3.8,2.9,16.7
80,Nerlens Noel\noelne01,C,23,DAL,18,6,12.5,1.6,2.9,0.528,0,0,,1.6,2.9,0.528,0.528,0.9,1.1,0.842,1.4,2.6,4.1,0.3,0.6,0.6,0.8,1.7,4
81,Daniel Theis\theisda01,C,25,BOS,50,2,13.8,1.9,3.6,0.528,0.3,0.9,0.319,1.6,2.6,0.603,0.57,0.9,1.1,0.772,1.3,2.9,4.3,0.8,0.5,0.7,1,2.5,4.9
82,Khem Birch\birchkh01,C,25,ORL,14,0,8.8,1.4,2.6,0.528,0,0,,1.4,2.6,0.528,0.528,0.6,1,0.571,1.4,1.5,2.9,0.5,0.4,0.5,0.4,1,3.3
83,David Nwaba\nwabada01,SG,25,CHI,39,3,22.3,2.6,5,0.526,0.1,0.4,0.294,2.5,4.6,0.547,0.538,1.8,3,0.598,1.2,3.4,4.5,1.2,0.8,0.5,0.9,2.1,7.2
84,Elfrid Payton\paytoel01,PG,23,ORL,41,41,28.9,5.4,10.4,0.522,0.6,1.5,0.403,4.8,8.9,0.542,0.552,1.7,2.7,0.618,1.1,3,4,6.2,1.4,0.3,2.6,2.3,13.1
85,Michael Beasley\beaslmi01,PF,29,NYK,45,7,19.7,5.2,10,0.522,0.4,1,0.409,4.8,9.1,0.534,0.542,1.9,2.5,0.759,1.3,3.8,5.2,1.3,0.4,0.5,1.9,1.8,12.8
86,Al Jefferson\jeffeal01,C,33,IND,23,0,14.3,3.1,5.9,0.522,0,0,0,3.1,5.9,0.526,0.522,0.7,0.9,0.8,0.8,3.5,4.3,0.8,0.4,0.5,0.7,2,6.9
87,T.J. McConnell\mccontj01,PG,25,PHI,42,1,24.6,3.2,6.2,0.521,0.4,1,0.45,2.8,5.3,0.534,0.556,0.5,0.7,0.821,0.5,2.8,3.3,4.5,1.3,0.2,2,1.9,7.5
88,Channing Frye\fryech01,C,34,CLE,41,1,12.1,1.9,3.7,0.52,0.7,1.9,0.367,1.2,1.8,0.685,0.615,0.3,0.3,1,0.2,2.1,2.3,0.7,0.3,0.3,0.4,1.3,4.9
89,Boban Marjanovic\marjabo01,C,29,DET,19,1,9,2.2,4.2,0.519,0,0,,2.2,4.2,0.519,0.519,1.9,2.4,0.8,0.8,2.2,3,0.7,0.2,0.3,1.2,1.5,6.2
90,E'Twaun Moore\mooreet01,SG,28,NOP,50,48,32.4,5.3,10.2,0.518,1.7,3.9,0.426,3.6,6.3,0.575,0.599,0.6,0.9,0.667,0.7,2.1,2.8,2.2,1,0.1,1.2,2.3,12.8
91,Eric Moreland\moreler01,PF,26,DET,42,1,11.6,0.7,1.3,0.518,0,0,,0.7,1.3,0.518,0.518,0.2,0.3,0.5,1.1,2.5,3.6,1.1,0.4,0.7,0.5,1.8,1.5
92,Kyle Anderson\anderky01,SF,24,SAS,45,39,27.6,3.1,6.1,0.516,0.2,0.6,0.379,2.9,5.4,0.533,0.537,1.6,2,0.795,1.2,4.8,5.9,2.7,1.4,0.8,1.4,1.5,8.1
93,Reggie Bullock\bullore01,SF,26,DET,34,24,24.2,3.4,6.5,0.516,1.6,3.6,0.451,1.7,2.9,0.596,0.64,0.3,0.4,0.643,0.4,1.6,1.9,1.2,0.8,0.2,0.5,1.2,8.6
94,Michael Kidd-Gilchrist\kiddgmi01,SF,24,CHO,43,43,26.3,4.3,8.4,0.515,0,0,0,4.3,8.4,0.518,0.515,1.7,2.4,0.683,1.2,3.4,4.6,1.1,0.8,0.6,0.6,2,10.3
95,Ekpe Udoh\udohek01,C,30,UTA,43,3,15.9,1.2,2.3,0.515,0,0,,1.2,2.3,0.515,0.515,0.8,1.1,0.735,1.3,1.4,2.7,1.1,0.9,1.3,0.3,2,3.2
96,Kenneth Faried\farieke01,PF,28,DEN,31,7,14.5,2.4,4.6,0.514,0,0,0,2.4,4.6,0.517,0.514,1.2,1.6,0.735,2.1,2.7,4.8,0.6,0.4,0.4,0.7,1.6,5.9
97,Trey Lyles\lylestr01,PF,22,DEN,46,2,20.8,4,8,0.508,1.4,3.3,0.427,2.7,4.7,0.565,0.596,1.5,2.2,0.68,0.9,4.3,5.2,1.2,0.5,0.4,0.9,1.6,11
98,Kevin Durant\duranke01,PF,29,GSW,43,43,34.7,9.1,18.1,0.506,2.5,6.2,0.408,6.6,11.9,0.557,0.575,4.8,5.4,0.885,0.5,6.3,6.9,5.6,0.9,2,3.1,2.2,25.6
99,Gorgui Dieng\dienggo01,C,28,MIN,51,0,18,2.6,5.1,0.506,0.3,0.9,0.295,2.3,4.3,0.548,0.531,1.2,1.5,0.769,1.3,3.3,4.6,1.1,0.7,0.5,0.8,1.8,6.6
100,Al Horford\horfoal01,C,31,BOS,47,47,32.5,5.4,10.6,0.505,1.5,3.4,0.431,3.9,7.2,0.54,0.574,1.1,1.6,0.712,1.5,6.4,7.9,5.3,0.6,1.1,1.9,1.9,13.3
101,T.J. Warren\warretj01,SF,24,PHO,49,49,32.4,8.2,16.4,0.503,0.3,1.6,0.197,7.9,14.8,0.535,0.512,3,4,0.753,1.9,3.4,5.3,1.4,1,0.7,1.4,2.2,19.8
102,Shaun Livingston\livinsh01,PG,32,GSW,44,7,15.6,2.3,4.6,0.502,0,0,0,2.3,4.5,0.508,0.502,0.6,0.8,0.778,0.5,1.3,1.8,2,0.4,0.3,0.8,1.7,5.2
103,James Ennis\ennisja01,SF,27,MEM,41,14,23.6,2.4,4.9,0.5,0.7,1.9,0.351,1.8,3,0.593,0.568,1.5,1.7,0.884,1.1,2.3,3.5,1.1,0.7,0.2,0.8,1.8,7
104,Mike Muscala\muscami01,C,26,ATL,22,5,16.4,2.1,4.2,0.5,0.8,1.7,0.474,1.3,2.5,0.519,0.598,1.1,1.2,0.889,0.9,2.8,3.6,0.8,0.5,0.4,0.5,1.8,6.1
105,Luol Deng\denglu01,SF,32,LAL,1,1,13,1,2,0.5,0,0,,1,2,0.5,0.5,0,0,,0,0,0,1,1,0,1,0,2
106,Gordon Hayward\haywago01,SF,27,BOS,1,1,5,1,2,0.5,0,1,0,1,1,1,0.5,0,0,,0,1,1,0,0,0,0,1,2
107,Joel Bolomboy\bolomjo01,PF,24,MIL,6,0,6.3,0.5,1,0.5,0,0.2,0,0.5,0.8,0.6,0.5,0.5,1,0.5,1,0.7,1.7,0,0.3,0,0.3,0.5,1.5
108,Jordan Crawford\crawfjo02,SG,29,NOP,2,0,18.5,3.5,7,0.5,2,2.5,0.8,1.5,4.5,0.333,0.643,0,0,,1,0.5,1.5,4.5,0,0.5,2,3,9
109,Joakim Noah\noahjo01,C,32,NYK,7,0,5.7,0.7,1.4,0.5,0,0,,0.7,1.4,0.5,0.5,0.3,0.6,0.5,0.9,1.1,2,0.6,0.3,0.3,0.6,0.7,1.7
110,Jacob Pullen\pulleja01,PG,28,PHI,3,0,2,0.3,0.7,0.5,0,0.3,0,0.3,0.3,1,0.5,0,0,,0,0,0,0,0,0,0.3,0,0.7
111,Julyan Stone\stoneju01,SG,29,CHO,8,0,4.4,0.3,0.5,0.5,0.3,0.5,0.5,0,0,,0.75,0,0,,0,1.3,1.3,1.1,0.3,0.1,0.5,1,0.8
112,D.J. Wilson\wilsodj01,PF,21,MIL,17,0,3.3,0.3,0.6,0.5,0.1,0.2,0.25,0.2,0.4,0.667,0.55,0,0,,0,0.4,0.4,0.1,0.1,0.1,0.2,0.3,0.6
113,Willie Cauley-Stein\caulewi01,C,24,SAC,45,32,27.2,5.1,10.3,0.498,0,0.2,0.182,5.1,10,0.506,0.5,2.1,3.4,0.621,1.7,5,6.8,2.2,1,0.9,1.5,2.3,12.4
114,Thaddeus Young\youngth01,PF,29,IND,52,52,32.8,5.4,10.8,0.497,0.9,2.6,0.338,4.5,8.3,0.547,0.537,0.5,0.8,0.591,1.9,3.9,5.8,2,1.6,0.4,1.2,2.2,12.1
115,Darren Collison\collida01,PG,30,IND,50,50,30.2,4.7,9.5,0.497,1.3,3.1,0.432,3.4,6.4,0.528,0.567,2,2.3,0.895,0.6,2.1,2.7,5.3,1.4,0.2,1.3,1.9,12.9
116,Nemanja Bjelica\bjeline01,PF,29,MIN,39,4,15.8,2.2,4.5,0.497,1,2.2,0.447,1.3,2.3,0.544,0.606,0.5,0.6,0.84,0.6,2.5,3.1,0.8,0.6,0.1,0.7,1.8,6
117,Myles Turner\turnemy01,C,21,IND,36,33,28.6,5.2,10.4,0.496,0.9,2.5,0.363,4.3,7.9,0.539,0.54,2.6,3.6,0.742,1.2,5.3,6.5,1.5,0.5,2.2,1.6,2.8,13.9
118,Jrue Holiday\holidjr01,SG,27,NOP,50,50,36.9,7.4,14.9,0.495,1.6,4.9,0.328,5.8,10,0.577,0.549,2.4,2.9,0.814,0.7,3.7,4.4,5.2,1.4,0.7,2.6,2.4,18.7
119,Noah Vonleh\vonleno01,PF,22,POR,31,12,14.9,1.5,3,0.495,0.1,0.2,0.4,1.4,2.8,0.5,0.505,0.7,0.9,0.778,1.1,4.2,5.3,0.4,0.2,0.4,0.5,1.4,3.7
120,Jahlil Okafor\okafoja01,C,22,TOT,18,0,12.9,2.5,5.1,0.495,0,0.2,0,2.5,4.9,0.511,0.495,0.8,1,0.833,0.7,2.4,3.1,0.5,0.1,0.6,0.8,2.2,5.8
121,Cody Zeller\zelleco01,C,25,CHO,19,0,19.9,2.5,5,0.495,0.1,0.1,1,2.4,4.9,0.489,0.5,2.2,3.1,0.724,2.4,3.1,5.5,0.8,0.5,1.1,1.1,2.7,7.2
122,Stephen Curry\curryst01,PG,29,GSW,36,36,33,8.7,17.6,0.494,4.3,10.1,0.425,4.4,7.5,0.589,0.617,6,6.6,0.911,0.6,4.4,5.1,6.5,1.6,0.1,2.9,2.4,27.7
123,Kelly Olynyk\olynyke01,PF,26,MIA,51,19,23.4,4,8.1,0.494,1.3,3.4,0.38,2.7,4.7,0.575,0.573,1.6,2.2,0.764,1.1,4.5,5.6,2.3,0.8,0.4,2,3,10.9
124,Tomas Satoransky\satorto01,SG,26,WAS,41,2,16.7,1.8,3.7,0.493,0.4,1.1,0.409,1.4,2.6,0.528,0.553,0.8,1.2,0.68,0.7,1.6,2.3,2.7,0.5,0.1,0.6,1.3,4.9
125,LaMarcus Aldridge\aldrila01,C,32,SAS,50,50,34.1,8.8,17.8,0.492,0.5,1.5,0.324,8.3,16.4,0.507,0.506,4.3,5.2,0.841,3.4,5.1,8.5,1.9,0.5,1.2,1.6,2.3,22.4
126,Thabo Sefolosha\sefolth01,SF,33,UTA,38,6,21.2,3.1,6.3,0.492,0.8,2.2,0.381,2.3,4.1,0.551,0.558,1.2,1.4,0.815,0.8,3.5,4.2,0.9,1.4,0.3,0.8,1.6,8.2
127,Jerami Grant\grantje01,PF,23,OKC,50,1,20.2,2.6,5.3,0.492,0.3,1.4,0.246,2.3,3.9,0.579,0.524,1.6,2.3,0.687,1,2.6,3.6,0.7,0.4,0.9,0.7,1.9,7.2
128,Nikola Vucevic\vucevni01,C,27,ORL,34,34,29.9,7.3,14.9,0.491,1.4,4.1,0.343,5.9,10.7,0.548,0.539,1.4,1.6,0.821,1.8,7.5,9.3,3.3,1,1.1,1.9,2.4,17.4
129,Joffrey Lauvergne\lauvejo01,C,26,SAS,32,1,10.6,1.7,3.5,0.491,0,0.2,0,1.7,3.3,0.514,0.491,0.6,0.9,0.6,1.2,2,3.2,0.8,0.2,0,0.7,1,4
130,Joel Embiid\embiijo01,C,23,PHI,38,38,31.6,8.3,16.9,0.49,0.9,3.1,0.305,7.3,13.8,0.532,0.518,6.3,8,0.792,2.2,8.8,11,3.3,0.6,1.8,4,3.5,23.8
131,Jose Calderon\caldejo01,PG,36,CLE,35,24,16.6,1.4,2.9,0.49,0.7,1.7,0.448,0.7,1.3,0.545,0.618,0.4,0.5,0.778,0.2,1.2,1.4,2.1,0.5,0,0.7,1.5,4
132,Klay Thompson\thompkl01,SG,27,GSW,50,50,34.3,7.9,16.2,0.489,3.3,7.2,0.454,4.6,9,0.518,0.591,1.2,1.4,0.871,0.4,3.6,4,2.6,0.7,0.6,1.7,1.7,20.3
133,Victor Oladipo\oladivi01,SG,25,IND,47,47,34.4,8.7,17.9,0.488,2.4,6.2,0.392,6.3,11.7,0.539,0.556,4,5,0.802,0.5,4.7,5.2,4.1,1.9,0.8,2.9,2.4,23.9
134,Maxi Kleber\klebima01,PF,26,DAL,46,35,18,2.2,4.6,0.488,0.5,1.7,0.308,1.7,2.9,0.594,0.545,0.5,0.8,0.714,1.1,2.1,3.2,0.8,0.4,0.7,0.4,1.7,5.5
135,Gary Harris\harriga01,SG,23,DEN,47,47,34.9,6.5,13.4,0.487,2.3,6,0.386,4.2,7.5,0.567,0.572,1.9,2.3,0.833,0.6,2.1,2.7,3.2,1.9,0.3,1.8,1.7,17.3
136,Otto Porter\porteot01,SF,24,WAS,46,46,31.7,5.4,11.1,0.487,1.7,4,0.423,3.7,7.1,0.523,0.563,1.3,1.6,0.838,1.2,5,6.2,1.8,1.7,0.6,0.9,1.9,13.8
137,Kyrie Irving\irvinky01,PG,25,BOS,48,48,33,9.1,18.7,0.486,2.7,6.7,0.402,6.4,12,0.532,0.558,4,4.5,0.884,0.6,3.1,3.7,5,1.1,0.3,2.4,2.1,24.9
138,Malcolm Brogdon\brogdma01,PG,25,MIL,45,19,31,5.2,10.8,0.486,1.3,3.5,0.378,3.9,7.3,0.536,0.546,1.7,1.9,0.882,0.5,2.9,3.4,3.3,0.9,0.3,1.4,2.8,13.5
139,Chandler Parsons\parsoch01,SF,29,MEM,26,7,21,3.3,6.9,0.486,1.5,3.7,0.411,1.8,3.2,0.571,0.595,0.6,1,0.6,0.5,2.4,2.8,2,0.5,0.3,1.1,1.8,8.8
140,Derrick Rose\rosede01,PG,29,CLE,13,7,20.3,4.2,8.5,0.486,0.4,1.5,0.263,3.8,7.1,0.533,0.509,2.4,2.7,0.886,0.6,1.3,1.9,1.5,0.2,0.2,2.1,0.9,11.1
141,Cedi Osman\osmande01,SF,22,CLE,39,0,7.7,0.9,1.8,0.486,0.3,0.7,0.357,0.6,1.1,0.571,0.557,0.3,0.4,0.714,0.2,1.4,1.6,0.3,0.2,0.1,0.3,0.9,2.3
142,Jeff Green\greenje02,PF,31,CLE,50,0,22.1,3.7,7.5,0.485,0.6,1.8,0.322,3.1,5.7,0.537,0.524,2.6,3.1,0.856,0.9,2.4,3.3,1.3,0.6,0.4,1,1.8,10.5
143,Jayson Tatum\tatumja01,SF,19,BOS,52,52,31,4.7,9.7,0.484,1.4,3.1,0.438,3.3,6.6,0.506,0.554,2.8,3.4,0.817,0.8,4.7,5.5,1.3,0.9,0.8,1.3,2.1,13.5
144,Tony Allen\allento01,SF,36,NOP,22,0,12.4,2,4.1,0.484,0.2,0.5,0.333,1.8,3.6,0.506,0.505,0.5,1,0.524,0.9,1.2,2.1,0.4,0.5,0.1,0.9,2.2,4.7
145,Serge Ibaka\ibakase01,PF,28,TOR,44,44,28.1,5.2,10.7,0.483,1.4,4,0.356,3.8,6.8,0.557,0.549,1.3,1.7,0.767,1,5.2,6.1,0.8,0.4,1.5,1.1,3,13
146,Tyrone Wallace\wallaty01,PG,23,LAC,13,10,32.7,4.5,9.2,0.483,0.5,1.5,0.35,3.9,7.7,0.51,0.513,2.6,3.5,0.739,0.7,2.8,3.5,2.5,1,0.5,1.5,3.1,12.1
147,Alex Caruso\carusal01,PG,23,LAL,19,0,13.5,1.3,2.7,0.481,0.3,0.8,0.333,1.1,1.9,0.541,0.529,0.2,0.4,0.375,0.4,1.2,1.5,1.9,0.5,0.1,0.9,1.3,3.1
148,Luke Babbitt\babbilu01,SF,28,ATL,35,9,15.9,2.2,4.7,0.479,1.3,3,0.443,0.9,1.6,0.544,0.623,0.5,0.6,0.773,0.1,2.1,2.3,0.7,0.2,0.1,0.4,1.3,6.3
149,Jordan Mickey\mickejo01,PF,23,MIA,16,2,14.4,2,4.2,0.478,0.1,0.7,0.091,1.9,3.5,0.554,0.485,0.7,1,0.688,0.9,3.6,4.4,0.6,0.2,0.4,0.9,1.9,4.8
150,Marvin Williams\willima02,PF,31,CHO,49,49,26.1,3.3,7,0.477,1.6,3.7,0.434,1.7,3.3,0.525,0.592,1.2,1.4,0.87,1,3.8,4.8,1.2,0.7,0.3,0.8,1.6,9.5
151,Zach Randolph\randoza01,PF,36,SAC,43,41,25.5,6.1,12.8,0.477,0.7,2.2,0.33,5.4,10.6,0.508,0.505,1.6,2,0.782,1.8,5.2,7,2,0.8,0.2,2,2,14.5
152,Tony Snell\snellto01,SG,26,MIL,44,32,29.1,2.9,6,0.477,1.6,3.8,0.43,1.3,2.3,0.556,0.612,0.7,0.9,0.763,0.2,1.9,2,1.2,0.6,0.3,0.5,1.6,8
153,Joe Harris\harrijo01,SG,26,BRK,50,6,24.7,3.7,7.8,0.477,1.9,4.6,0.407,1.8,3.2,0.579,0.597,1,1.2,0.787,0.6,2.5,3.1,1.4,0.5,0.2,0.9,1.9,10.3
154,Rudy Gay\gayru01,PF,31,SAS,34,5,22.7,4.3,9.1,0.476,0.7,2,0.333,3.6,7.1,0.517,0.513,2.1,2.7,0.785,1.4,3.8,5.2,1.5,0.8,0.6,1.6,1.8,11.5
155,Bobby Portis\portibo01,PF,22,CHI,42,0,20.5,4.7,9.9,0.476,0.9,2.6,0.333,3.8,7.2,0.528,0.521,1.9,2.3,0.821,2.1,4.1,6.2,1.6,0.5,0.3,1.2,1.3,12.1
156,James Johnson\johnsja01,PF,30,MIA,43,21,26.9,4,8.4,0.475,0.8,2.7,0.289,3.2,5.7,0.561,0.521,1.5,2.1,0.685,0.7,4.3,5,4,0.9,0.7,2.2,2.9,10.2
157,Jimmy Butler\butleji01,SG,28,MIN,48,48,36.9,7.3,15.5,0.474,1.2,3.3,0.359,6.2,12.2,0.504,0.511,5.9,6.9,0.866,1.4,4,5.4,5,2,0.4,1.9,1.3,21.8
158,Nikola Mirotic\mirotni01,PF,26,CHI,25,3,24.9,5.7,12.1,0.474,2.8,6.4,0.429,3,5.6,0.525,0.588,2.6,3.2,0.823,0.7,5.6,6.4,1.6,0.6,0.5,1.2,1.8,16.8
159,Tyler Cavanaugh\cavanty01,PF,23,ATL,30,1,13.8,1.8,3.9,0.474,0.9,2.4,0.366,1,1.5,0.644,0.586,0.4,0.6,0.765,1.1,2.2,3.3,0.8,0.3,0.1,0.4,1.7,5
160,Bogdan Bogdanovic\bogdabo01,SG,25,SAC,47,22,26.9,4.2,9,0.473,1.4,3.7,0.391,2.8,5.3,0.53,0.553,1.2,1.5,0.829,0.4,2.3,2.7,2.9,0.9,0.3,1.7,2.1,11.1
161,Isaiah Whitehead\whiteis01,PG,22,BRK,12,0,13.4,2.9,6.2,0.473,0.6,1.3,0.467,2.3,4.9,0.475,0.52,1.1,1.6,0.684,0.3,1.7,2,1.7,0.6,0.2,2,1.6,7.5
162,Pau Gasol\gasolpa01,C,37,SAS,50,50,25.3,4.1,8.6,0.472,0.8,1.8,0.418,3.3,6.8,0.487,0.516,2.1,2.7,0.774,1.6,6.7,8.3,3.3,0.3,1,1.5,1.5,10.9
163,Rondae Hollis-Jefferson\holliro01,SF,23,BRK,46,45,28.3,5.2,11,0.472,0.3,0.9,0.279,4.9,10.1,0.49,0.484,3.7,4.7,0.794,1.5,5,6.5,2.3,0.8,0.7,1.7,2.1,14.3
164,Jonas Jerebko\jerebjo01,PF,30,UTA,42,17,16.8,2.4,5,0.472,0.9,2.1,0.427,1.5,2.9,0.504,0.561,0.6,0.7,0.871,0.9,2.5,3.4,0.7,0.4,0.2,0.4,2.1,6.3
165,Jusuf Nurkic\nurkiju01,C,23,POR,48,48,26.6,5.8,12.3,0.471,0,0.1,0,5.8,12.1,0.477,0.471,2.6,4,0.663,2.2,6,8.3,1.7,0.8,1.3,2.5,2.9,14.2
166,Nikola Jokic\jokicni01,C,22,DEN,44,42,31.5,5.9,12.6,0.471,1.2,3.6,0.333,4.7,9,0.527,0.519,3.1,3.7,0.841,2.7,7.7,10.4,5.3,1.1,0.7,2.7,2.7,16.2
167,Pascal Siakam\siakapa01,PF,23,TOR,48,4,19.8,2.7,5.7,0.471,0.3,1.9,0.165,2.4,3.8,0.623,0.498,0.5,0.9,0.511,1.1,3.4,4.5,1.8,0.9,0.5,0.8,2,6.2
168,DeMarcus Cousins\couside01,C,27,NOP,48,48,36.2,8.5,18,0.47,2.2,6.1,0.354,6.3,11.9,0.53,0.53,6.1,8.2,0.746,2.2,10.7,12.9,5.4,1.6,1.6,5,3.8,25.2
169,Markieff Morris\morrima02,PF,28,WAS,42,42,25.8,4.1,8.8,0.47,1,2.6,0.391,3.1,6.1,0.504,0.529,1.4,1.7,0.817,1.1,4.5,5.6,1.3,0.6,0.5,1.6,3.2,10.6
170,T.J. Leaf\leaftj01,PF,20,IND,41,0,9.5,1.3,2.8,0.47,0.4,0.9,0.472,0.9,1.9,0.468,0.543,0.1,0.2,0.6,0.6,1,1.6,0.2,0.1,0.1,0.2,1,3.2
171,DeMar DeRozan\derozde01,SG,28,TOR,49,49,34.5,8.6,18.3,0.469,1.1,3.2,0.335,7.5,15.1,0.497,0.498,6.2,7.6,0.824,0.8,3.3,4.1,5.2,1.2,0.3,2.3,1.9,24.4
172,Jamil Wilson\wilsoja02,SF,27,LAC,15,10,18.3,2.5,5.4,0.469,1.8,4.2,0.429,0.7,1.2,0.611,0.636,0.1,0.3,0.5,0.2,1.9,2.1,0.7,0.3,0.5,0.5,2.3,7
173,George Hill\hillge01,PG,31,SAC,40,36,27,3.7,7.9,0.468,1.4,3.1,0.452,2.3,4.8,0.479,0.557,1.8,2.3,0.793,0.5,2.3,2.8,2.8,0.9,0.3,1.4,1.8,10.6
174,Kawhi Leonard\leonaka01,SF,26,SAS,9,9,23.3,5.8,12.3,0.468,1.2,3.9,0.314,4.6,8.4,0.539,0.518,3.4,4.2,0.816,0.7,4,4.7,2.3,2,1,1.8,1,16.2
175,Delon Wright\wrighde01,PG,25,TOR,37,3,21.4,3,6.4,0.468,0.8,2,0.373,2.2,4.3,0.513,0.528,1.8,2.1,0.87,0.8,2.3,3.1,2.6,1,0.5,1.2,1.1,8.5
176,Mario Hezonja\hezonma01,SF,22,ORL,43,10,17.8,2.9,6.3,0.467,1,2.8,0.342,2,3.5,0.567,0.543,0.6,0.7,0.774,0.5,2.5,3,1,0.7,0.3,1,1.7,7.4
177,Khris Middleton\middlkh01,SF,26,MIL,49,49,37.1,7.5,16,0.466,1.9,5.4,0.347,5.6,10.6,0.526,0.524,3.6,4.1,0.871,0.5,4.8,5.3,4.3,1.3,0.2,2.3,3.2,20.4
178,Raul Neto\netora01,PG,25,UTA,25,0,12.5,1.8,4,0.465,0.6,1.3,0.469,1.2,2.7,0.463,0.54,0.5,0.8,0.684,0.2,1.1,1.3,1.8,0.3,0.1,0.8,0.8,4.8
179,Bojan Bogdanovic\bogdabo02,SF,28,IND,51,51,30.3,4.7,10.2,0.464,1.8,4.7,0.372,3,5.5,0.543,0.55,1.8,2.2,0.829,0.3,2.9,3.2,1.4,0.7,0,1.2,1.7,13.1
180,Kevin Love\loveke01,C,29,CLE,48,48,28,5.8,12.5,0.463,2.2,5.4,0.404,3.6,7.1,0.507,0.55,4.1,4.6,0.883,1.9,7.4,9.4,1.6,0.7,0.4,1.5,2.1,17.9
181,Dillon Brooks\brookdi01,SF,22,MEM,50,42,27.8,3.4,7.3,0.463,1,2.6,0.386,2.4,4.7,0.506,0.533,0.9,1.3,0.723,0.5,2.5,3,1.2,0.8,0.3,1.2,3.1,8.7
182,Aron Baynes\baynear01,C,31,BOS,52,39,18.1,2.4,5.2,0.463,0,0.2,0,2.4,5,0.477,0.463,0.8,1.1,0.729,1.5,3.7,5.2,0.9,0.3,0.6,1,2.5,5.6
183,Skal Labissiere\labissk01,PF,21,SAC,42,17,18,3.1,6.8,0.463,0.2,0.5,0.348,3,6.2,0.473,0.477,1.4,1.8,0.753,1.5,3,4.5,0.9,0.5,0.7,1,2.1,7.9
184,Ish Smith\smithis01,PG,29,DET,49,14,23.4,4.5,9.8,0.463,0.2,0.8,0.216,4.4,9,0.483,0.471,1,1.4,0.704,0.4,2.2,2.7,4.3,0.7,0.3,1.2,1.7,10.2
185,Shabazz Napier\napiesh01,PG,26,POR,45,8,21.5,3.5,7.5,0.463,1.1,2.6,0.412,2.4,4.8,0.491,0.536,1.6,2,0.831,0.4,2,2.4,2.3,1.2,0.2,1.3,1.2,9.7
186,Doug McDermott\mcderdo01,SF,26,NYK,52,1,21.6,2.8,6,0.463,1,2.5,0.402,1.8,3.5,0.508,0.548,0.7,1,0.745,0.6,1.8,2.4,0.9,0.2,0.2,0.6,1.4,7.3
187,JaMychal Green\greenja01,PF,27,MEM,30,30,26.8,3.9,8.4,0.462,0.8,2.3,0.362,3.1,6.1,0.5,0.512,1.5,2,0.721,2.5,5,7.4,1.2,0.6,0.3,1.5,2.6,10.1
188,Jonathon Simmons\simmojo02,SG,28,ORL,49,30,28.8,5.1,11.1,0.462,0.9,2.9,0.319,4.2,8.3,0.511,0.503,2.4,3.2,0.763,0.9,2.6,3.4,2.3,0.8,0.3,2,2.6,13.6
189,C.J. Williams\willicj01,SG,27,LAC,28,13,19.4,2.4,5.2,0.462,0.8,2.1,0.35,1.6,3,0.541,0.534,0.4,0.5,0.786,0.4,1.2,1.5,0.9,0.9,0.5,0.6,1.8,5.9
190,Bradley Beal\bealbr01,SG,24,WAS,50,50,36.1,8.6,18.6,0.461,2.5,6.5,0.376,6.1,12.1,0.507,0.527,4.2,5.3,0.785,0.8,3.6,4.4,3.9,1.1,0.5,2.3,1.9,23.8
191,Evan Fournier\fournev01,SF,25,ORL,42,42,32.5,6.5,14.2,0.461,2.3,5.7,0.4,4.3,8.5,0.501,0.541,2.6,3,0.895,0.5,2.7,3.2,3,0.9,0.3,1.9,2.5,18
192,Chris Paul\paulch01,PG,32,HOU,31,31,32.1,6.5,14,0.46,2.7,6.8,0.403,3.7,7.2,0.513,0.557,3.7,4.1,0.921,0.6,5.1,5.7,8.6,1.8,0.4,2.4,2.6,19.4
193,Tony Parker\parketo01,PG,35,SAS,27,21,21,3.6,7.8,0.46,0.2,0.7,0.263,3.4,7.1,0.479,0.472,0.9,1.3,0.639,0.1,1.9,2,4,0.6,0,1.4,0.9,8.2
194,Wesley Iwundu\iwundwe01,SF,23,ORL,32,3,13.5,1.4,3.1,0.46,0.2,0.6,0.25,1.3,2.5,0.513,0.485,0.4,0.6,0.684,0.5,1.6,2.1,1,0.4,0.1,0.4,0.9,3.4
195,Jaylen Brown\brownja02,SF,21,BOS,47,47,31.4,5.2,11.4,0.459,1.7,4.5,0.374,3.5,6.9,0.514,0.533,2,3.3,0.59,1,4.4,5.5,1.5,1.1,0.4,1.7,2.8,14.1
196,Evan Turner\turneev01,SF,29,POR,49,26,26.8,3.5,7.7,0.459,0.5,1.6,0.316,3,6.1,0.495,0.491,1.2,1.4,0.841,0.4,3,3.4,2.3,0.7,0.3,1.5,2.2,8.7
197,Ersan Ilyasova\ilyaser01,PF,30,ATL,40,34,25.8,4.1,8.9,0.458,1.3,3.7,0.356,2.8,5.2,0.531,0.532,1.4,1.8,0.789,1.8,3.8,5.6,1.2,0.9,0.4,1,2.1,10.9
198,Tyreke Evans\evansty01,PG,28,MEM,46,26,31.1,7.2,15.6,0.458,2.1,5.4,0.392,5,10.2,0.493,0.526,3.1,3.9,0.799,0.8,4.2,5,5,1,0.3,2,1.8,19.5
199,Sam Dekker\dekkesa01,PF,23,LAC,46,1,14.5,1.9,4.2,0.458,0.2,1.2,0.13,1.8,3,0.587,0.477,0.6,0.9,0.674,0.7,2,2.7,0.6,0.5,0.2,0.6,1,4.6
200,Dwight Buycks\buyckdw01,PG,28,DET,14,0,15.4,3.1,6.9,0.458,0.6,1.5,0.429,2.5,5.4,0.467,0.505,0.9,1.1,0.867,0.3,1.5,1.8,2.4,0.5,0.1,1.6,1.6,7.9
201,Kyle Kuzma\kuzmaky01,PF,22,LAL,49,21,30.4,6.1,13.4,0.457,2,5.3,0.369,4.2,8.1,0.515,0.53,2,2.8,0.701,1.3,4.6,5.9,1.9,0.6,0.4,1.9,2.1,16.2
202,Jarell Martin\martija01,PF,23,MEM,47,17,19.5,2.5,5.4,0.457,0.4,1,0.347,2.1,4.4,0.483,0.49,0.9,1.1,0.796,1.3,2.3,3.6,0.6,0.6,0.7,1,2.7,6.3
203,Courtney Lee\leeco01,SG,32,NYK,52,52,32.9,5,10.9,0.456,1.7,3.9,0.428,3.3,7.1,0.471,0.532,1.8,1.9,0.929,0.5,2.8,3.3,2.8,1.3,0.2,1.3,1.6,13.4
204,Draymond Green\greendr01,PF,27,GSW,44,44,32.5,4,8.8,0.456,1.2,3.8,0.31,2.8,5,0.569,0.523,2.1,2.7,0.782,1.2,6.7,7.9,7.3,1.3,1.3,2.8,2.5,11.3
205,OG Anunoby\anunoog01,SF,20,TOR,49,37,21.3,2.2,4.9,0.456,1,2.9,0.359,1.2,2,0.598,0.563,0.6,0.9,0.698,0.6,1.8,2.4,0.8,0.9,0.2,0.6,1.8,6.1
206,Jordan Clarkson\clarkjo01,SG,25,LAL,50,2,23.6,5.7,12.6,0.456,1.2,3.9,0.316,4.5,8.7,0.518,0.505,2,2.5,0.794,0.8,2.1,3,3.3,0.7,0,1.8,1.2,14.7
207,Dirk Nowitzki\nowitdi01,C,39,DAL,52,52,24.9,4.5,9.9,0.455,1.7,3.9,0.429,2.8,5.9,0.472,0.541,1.3,1.5,0.886,0.4,5.2,5.6,1.6,0.6,0.4,0.6,1.8,12
208,Tyus Jones\jonesty01,PG,21,MIN,54,10,18.3,1.8,3.9,0.455,0.5,1.5,0.354,1.3,2.4,0.515,0.521,0.8,0.9,0.878,0.2,1.5,1.7,2.7,1.1,0.1,0.7,1.3,4.9
209,Dwyane Wade\wadedw01,SG,36,CLE,44,3,23.3,4.3,9.5,0.455,0.5,1.5,0.328,3.8,8,0.477,0.48,2.1,2.9,0.711,0.9,3.1,4,3.7,1,0.7,2,1.8,11.2
210,Dorian Finney-Smith\finnedo01,PF,24,DAL,8,1,11.8,1.3,2.8,0.455,0.6,1.8,0.357,0.6,1,0.625,0.568,0.1,0.3,0.5,0.6,0.6,1.3,0.6,0,0.1,0.9,1.6,3.3
211,Derrick White\whitede01,PG,23,SAS,13,0,6,0.4,0.8,0.455,0.1,0.2,0.333,0.3,0.6,0.5,0.5,0.5,0.8,0.6,0.3,0.8,1.2,0.4,0.2,0.2,0.4,0.5,1.3
212,C.J. McCollum\mccolcj01,SG,26,POR,50,50,36.1,8.3,18.4,0.454,2.5,5.9,0.431,5.8,12.5,0.465,0.523,2.7,3.1,0.878,0.6,3.4,4,3.3,1.1,0.3,1.8,2.2,22
213,Kyle Korver\korveky01,SG,36,CLE,50,0,21.6,3.1,6.7,0.454,2.2,5.2,0.427,0.8,1.5,0.547,0.62,0.8,1,0.875,0.1,1.8,2,1.3,0.3,0.3,0.7,1.6,9.2
214,Joe Ingles\inglejo01,SF,30,UTA,50,49,30.6,3.6,7.9,0.453,2.4,5.4,0.441,1.2,2.5,0.48,0.604,0.4,0.5,0.778,0.3,3.8,4.2,4.1,1.1,0.2,1.8,2.1,10
215,Luc Mbah a Moute\mbahalu01,PF,31,HOU,32,6,26.2,2.5,5.6,0.453,1.1,3,0.365,1.4,2.6,0.554,0.55,0.9,1.4,0.682,0.5,2.8,3.3,0.9,1.2,0.4,1.3,1.8,7.1
216,Corey Brewer\breweco01,SF,31,LAL,46,2,12.7,1.4,3,0.453,0.2,0.9,0.195,1.2,2.1,0.561,0.482,0.6,1,0.644,0.3,1.4,1.7,0.7,0.8,0.2,0.7,1.5,3.5
217,Joe Young\youngjo01,PG,25,IND,35,1,9.2,1.4,3,0.453,0.3,1,0.314,1.1,2,0.521,0.505,0.5,0.7,0.75,0.2,0.8,0.9,0.6,0.2,0,0.4,0.6,3.6
218,Tobias Harris\harrito02,PF,25,DET,48,48,32.6,6.7,14.8,0.451,2.4,5.8,0.409,4.3,9,0.478,0.531,2.4,2.8,0.846,0.8,4.3,5.1,2,0.7,0.3,1.1,1.9,18.1
219,Darius Miller\milleda01,SF,27,NOP,50,2,22.7,2.7,5.9,0.451,1.9,4.5,0.42,0.8,1.4,0.551,0.612,0.8,0.9,0.872,0.1,1.8,1.9,1.2,0.3,0.2,0.6,2.1,8
220,Jamal Murray\murraja01,PG,20,DEN,50,49,30.2,5.8,12.9,0.45,1.9,5.1,0.374,3.9,7.8,0.5,0.524,2.7,2.9,0.931,1,2.6,3.6,2.9,0.8,0.3,2.1,2.1,16.2
221,Brandon Ingram\ingrabr01,SF,20,LAL,46,46,33.8,5.8,13,0.45,0.5,1.6,0.338,5.3,11.3,0.466,0.471,3.4,5.1,0.672,1,4.4,5.4,3.5,0.8,0.7,2.5,2.8,15.6
222,Manu Ginobili\ginobma01,SG,40,SAS,39,0,20.7,3.4,7.5,0.45,1.1,3.1,0.339,2.3,4.4,0.529,0.521,1.6,1.8,0.871,0.4,1.9,2.2,2.4,0.7,0.3,1.6,1.9,9.3
223,Harrison Barnes\barneha02,PF,25,DAL,52,52,34.8,6.9,15.4,0.449,1.3,3.9,0.342,5.6,11.5,0.486,0.493,3.2,3.9,0.824,1.1,5.6,6.7,1.9,0.7,0.2,1.5,1.3,18.4
224,James Harden\hardeja01,SG,28,HOU,42,42,36.1,9.4,21,0.449,4.1,10.5,0.386,5.4,10.4,0.514,0.547,8.7,10.1,0.861,0.6,4.5,5,9.1,1.9,0.7,4.4,2.5,31.6
225,Rajon Rondo\rondora01,PG,31,NOP,36,35,24.1,2.9,6.6,0.449,0.8,2.3,0.329,2.2,4.3,0.513,0.506,0.2,0.2,0.75,0.4,2.9,3.3,7.1,0.9,0.2,2.1,1.7,6.8
226,Quinn Cook\cookqu01,PG,24,GSW,10,2,10.3,1.3,2.9,0.448,0.5,1.4,0.357,0.8,1.5,0.533,0.534,0.1,0.1,1,0.2,0.9,1.1,1.6,0,0,0.3,0.9,3.2
227,Aaron Gordon\gordoaa01,PF,22,ORL,39,38,34,6.7,15,0.447,2,5.8,0.346,4.7,9.1,0.511,0.515,3,4.2,0.718,1.7,6.6,8.3,2.2,0.9,0.7,1.9,2,18.4
228,J.J. Redick\redicjj01,SG,33,PHI,37,37,32.4,5.8,12.9,0.447,2.7,6.6,0.411,3.1,6.3,0.485,0.552,3.1,3.3,0.943,0.2,2.6,2.7,3.2,0.5,0.1,1.4,2.1,17.4
229,Patrick McCaw\mccawpa01,SG,22,GSW,45,6,16.1,1.6,3.6,0.447,0.3,1.3,0.25,1.3,2.2,0.564,0.494,0.4,0.6,0.72,0.3,1.1,1.5,1.4,0.8,0.2,0.6,1.1,3.9
230,Sterling Brown\brownst02,SG,22,MIL,24,2,13.2,1.6,3.5,0.447,0.7,1.5,0.444,0.9,2,0.449,0.541,0.3,0.4,0.8,0.4,1.9,2.3,0.3,0.7,0.2,0.4,1.5,4.2
231,Reggie Jackson\jacksre01,PG,27,DET,33,33,27.1,5.5,12.3,0.446,1.3,3.8,0.339,4.2,8.5,0.493,0.498,2.4,2.8,0.84,0.7,2.2,2.8,5.5,0.6,0.1,2.5,2.1,14.6
232,Paul Millsap\millspa01,PF,32,DEN,16,16,29.7,5.6,12.6,0.446,1.3,3.6,0.345,4.4,9,0.486,0.495,2.8,4.1,0.692,1.5,4.7,6.2,3,1.1,1.3,2.1,2.4,15.3
233,Jeremy Lamb\lambje01,SG,25,CHO,49,14,25.3,4.9,11,0.446,1.1,3.2,0.354,3.8,7.8,0.484,0.498,2.6,3.1,0.841,0.7,3.9,4.6,2.2,0.7,0.4,1.1,1.8,13.6
234,Damyean Dotson\dotsoda01,SG,23,NYK,22,2,8.6,1.1,2.5,0.446,0.3,1.1,0.292,0.8,1.5,0.563,0.509,0.2,0.3,0.667,0.2,1.2,1.4,0.5,0.2,0,0.2,0.6,2.8
235,Wayne Selden\seldewa01,SG,23,MEM,16,5,17.6,3.1,6.9,0.445,1.4,3.2,0.431,1.7,3.7,0.458,0.545,1.4,2,0.719,0.3,1.1,1.4,1.8,0.5,0.1,1.4,1.8,8.9
236,Josh Richardson\richajo01,SF,24,MIA,51,51,34.2,4.8,10.9,0.444,1.6,4.5,0.365,3.2,6.4,0.5,0.52,1.5,1.9,0.811,0.7,2.7,3.4,2.8,1.3,1,1.9,2.7,12.8
237,Russell Westbrook\westbru01,PG,29,OKC,51,51,36,9.6,21.6,0.444,1.4,4.4,0.311,8.2,17.2,0.477,0.475,5,7,0.708,1.8,7.6,9.4,10.1,2,0.2,4.5,2.3,25.5
238,Maurice Harkless\harklma01,SF,24,POR,40,19,19.8,2,4.5,0.444,0.6,1.7,0.333,1.5,2.9,0.509,0.506,0.6,0.9,0.706,0.6,2,2.6,0.7,0.7,0.8,0.8,1.6,5.2
239,Sindarius Thornwell\thornsi01,SG,23,LAC,48,8,13.3,1.2,2.6,0.444,0.3,0.8,0.385,0.9,1.8,0.471,0.504,0.6,1,0.674,0.3,1.2,1.5,0.7,0.5,0.4,0.7,1.6,3.3
240,Davis Bertans\bertada01,PF,25,SAS,49,2,14.3,2.2,4.9,0.444,1.2,3.4,0.365,0.9,1.5,0.625,0.571,0.4,0.5,0.846,0.2,1.8,2.1,0.9,0.3,0.4,0.5,1.2,6
241,Nick Young\youngni01,SG,32,GSW,49,1,14.4,2.4,5.3,0.444,1.4,3.6,0.386,1,1.7,0.565,0.575,0.4,0.6,0.7,0.2,1,1.2,0.4,0.4,0.1,0.4,1.2,6.6
242,Ike Anigbogu\anigbik01,C,19,IND,10,0,2.8,0.4,0.9,0.444,0,0,,0.4,0.9,0.444,0.444,0.5,0.6,0.833,0.5,0.4,0.9,0,0.1,0.3,0.2,0.1,1.3
243,Donovan Mitchell\mitchdo01,SG,21,UTA,48,40,31.9,7.2,16.2,0.443,2.3,6.5,0.345,4.9,9.7,0.509,0.512,2.7,3.2,0.831,0.5,2.9,3.4,3.4,1.5,0.4,2.6,3,19.3
244,Lou Williams\willilo02,SG,31,LAC,49,14,32.4,7.5,16.9,0.443,2.9,7.4,0.39,4.6,9.5,0.485,0.529,5.6,6.2,0.895,0.5,2,2.5,5.2,1.1,0.2,2.9,1.4,23.5
245,Anthony Tolliver\tollian01,PF,32,DET,46,6,20.8,2.4,5.3,0.443,1.7,4.3,0.406,0.6,1.1,0.592,0.606,1.2,1.5,0.797,0.6,2.2,2.7,1.2,0.4,0.3,0.8,1.8,7.7
246,Torrey Craig\craigto01,SF,27,DEN,21,4,14.5,1.3,2.9,0.443,0.4,1.5,0.281,0.9,1.4,0.621,0.516,0.7,1.1,0.652,0.8,1.9,2.6,0.6,0.4,0.2,0.4,1.5,3.7
247,Kelly Oubre\oubreke01,SF,22,WAS,50,9,27.2,4.1,9.2,0.442,1.7,4.2,0.395,2.4,5,0.48,0.531,2.2,2.7,0.842,0.8,4,4.8,1.1,0.8,0.4,1.1,3,12.1
248,Blake Griffin\griffbl01,PF,28,LAC,33,33,34.5,7.7,17.5,0.441,1.9,5.7,0.342,5.8,11.8,0.488,0.497,5.2,6.6,0.785,1.4,6.5,7.9,5.4,0.9,0.3,3,2.4,22.6
249,Buddy Hield\hieldbu01,SG,24,SAC,48,11,24.1,4.7,10.7,0.441,2,4.7,0.429,2.7,6.1,0.45,0.534,0.9,1,0.898,0.5,3,3.5,1.6,0.9,0.2,1.4,1.8,12.4
250,Damian Lillard\lillada01,PG,27,POR,44,44,36.4,8.1,18.5,0.44,3,8.1,0.372,5.1,10.4,0.493,0.522,5.9,6.5,0.915,0.7,3.9,4.7,6.5,1,0.4,3.1,1.8,25.2
251,Dario Saric\saricda01,PF,23,PHI,47,42,30.5,5,11.4,0.439,1.9,5,0.373,3.2,6.5,0.49,0.52,2.2,2.4,0.896,2.1,4.8,6.9,2.6,0.7,0.3,2,2.1,14.1
252,Dante Cunningham\cunnida01,SF,30,NOP,49,22,21.7,1.9,4.4,0.439,0.7,2.1,0.317,1.2,2.2,0.555,0.516,0.4,0.7,0.556,1,2.8,3.8,0.5,0.5,0.3,0.3,1.5,4.9
253,D'Angelo Russell\russeda01,PG,21,BRK,18,12,24.1,6.4,14.6,0.439,1.3,4.7,0.286,5.1,9.9,0.511,0.485,2.8,4.1,0.699,0.7,3.2,3.8,4.4,0.8,0.2,3.6,2.1,16.9
254,Mirza Teletovic\teletmi01,PF,32,MIL,10,0,15.9,2.5,5.7,0.439,2.1,4.5,0.467,0.4,1.2,0.333,0.623,0,0,,0.3,2,2.3,1,0.4,0.1,0.7,1.4,7.1
255,Andrew Wiggins\wiggian01,SF,22,MIN,54,54,36.1,7.1,16.1,0.438,1.4,4.3,0.322,5.7,11.8,0.48,0.481,2.6,4.2,0.636,1,3.2,4.2,1.9,1.1,0.6,1.6,1.9,18.1
256,Paul George\georgpa01,SF,27,OKC,48,48,36.4,7.1,16.3,0.438,3.1,7.4,0.423,4,8.9,0.451,0.534,3.9,4.8,0.814,0.9,4.6,5.5,2.9,2.2,0.6,2.7,2.9,21.3
257,Eric Bledsoe\bledser01,PG,28,TOT,42,42,30.7,5.9,13.5,0.438,1.5,4.9,0.304,4.5,8.7,0.514,0.493,3.5,4.6,0.76,0.7,2.9,3.6,4.1,2.1,0.6,2.9,2.4,16.8
258,Pat Connaughton\connapa01,SG,25,POR,51,5,20.2,2.4,5.5,0.438,1.1,3,0.364,1.3,2.5,0.528,0.537,0.6,0.7,0.857,0.4,1.9,2.2,1.3,0.2,0.3,0.6,1.6,6.5
259,Lance Stephenson\stephla01,SG,27,IND,52,5,23,3.6,8.2,0.438,0.8,2.5,0.315,2.8,5.7,0.492,0.486,1,1.5,0.638,0.8,4.7,5.5,3,0.5,0.2,1.6,2.1,9
260,Okaro White\whiteok01,PF,25,MIA,6,4,13.3,1.2,2.7,0.438,0.7,1.8,0.364,0.5,0.8,0.6,0.563,0.3,0.5,0.667,0.5,1.3,1.8,0.3,0.2,0.2,0.2,1,3.3
261,Omer Asik\asikom01,C,31,NOP,14,0,8.6,0.5,1.1,0.438,0,0,,0.5,1.1,0.438,0.438,0.3,0.9,0.333,0.5,2.1,2.6,0.1,0.1,0.1,0.4,1,1.3
262,Goran Dragic\dragigo01,PG,31,MIA,46,46,31.8,6.4,14.6,0.437,1.5,4.2,0.351,4.9,10.4,0.471,0.487,2.8,3.8,0.757,0.7,3.4,4.1,4.8,0.8,0.2,2.4,2.3,17
263,Kristaps Porzingis\porzikr01,PF,22,NYK,45,45,32.8,8.2,18.9,0.437,1.9,4.8,0.398,6.3,14.1,0.45,0.488,4.7,5.8,0.805,1.3,5.4,6.6,1.3,0.7,2.3,2,3,23.1
264,Yogi Ferrell\ferreyo01,SG,24,DAL,52,15,29.1,3.8,8.6,0.437,1.7,4.2,0.394,2.1,4.4,0.478,0.534,1.2,1.5,0.803,0.4,2.9,3.4,2.3,0.7,0.1,1.1,2.1,10.3
265,Josh Hart\hartjo01,SG,22,LAL,45,10,19.1,1.9,4.4,0.437,0.8,2.4,0.358,1.1,2.1,0.527,0.533,0.7,1,0.638,0.4,2.5,2.9,1,0.6,0.2,0.5,1.5,5.4
266,D.J. Augustin\augusdj01,PG,30,ORL,43,7,20.2,2.6,6,0.436,1.3,3.1,0.414,1.3,2.9,0.46,0.543,1.9,2.3,0.838,0.3,1.5,1.8,3.1,0.8,0,1.4,1.2,8.4
267,Chris McCullough\mcculch01,PF,22,WAS,15,0,5.3,1.1,2.6,0.436,0.1,0.5,0.143,1.1,2.1,0.5,0.449,0.4,0.7,0.6,0.4,1.1,1.5,0.2,0,0.3,0,0.5,2.7
268,Cory Joseph\josepco01,PG,26,IND,52,1,25.8,3,6.9,0.435,0.8,2.3,0.376,2.2,4.7,0.463,0.496,0.8,1.1,0.782,0.4,2.4,2.8,3.1,0.9,0.2,1,1.5,7.7
269,Dennis Schroder\schrode01,PG,24,ATL,48,48,31.5,7.5,17.4,0.434,1.1,3.8,0.284,6.5,13.6,0.475,0.465,3.3,3.8,0.867,0.7,2.3,3,6.6,1.1,0.1,2.7,2.1,19.4
270,Devin Booker\bookede01,SG,21,PHO,41,41,34.1,8.1,18.7,0.434,2.6,6.9,0.383,5.5,11.8,0.464,0.505,5.5,6.2,0.894,0.4,4,4.4,4.8,1,0.2,3.6,3,24.4
271,Brook Lopez\lopezbr01,C,29,LAL,42,40,20.6,4.4,10.1,0.434,1.3,4.2,0.315,3,5.9,0.52,0.5,1.5,2.1,0.708,1.1,2.7,3.8,1.5,0.5,1.3,1.5,2.7,11.6
272,Kris Dunn\dunnkr01,PG,23,CHI,40,31,29.6,5.8,13.4,0.433,0.8,2.6,0.324,5,10.8,0.458,0.463,1.3,1.9,0.703,0.6,4.1,4.6,6.4,2.1,0.5,3,3.3,13.7
273,Derrick Jones\jonesde02,SF,20,TOT,15,7,13.9,1.1,2.5,0.432,0.1,0.7,0.1,1,1.8,0.556,0.446,0.9,1.3,0.65,1,0.9,1.9,0.5,0.3,0.9,0.3,1.3,3.1
274,Shelvin Mack\macksh01,PG,27,ORL,37,3,16.9,1.7,3.9,0.432,0.4,1.2,0.302,1.4,2.8,0.485,0.476,1.1,1.5,0.759,0.3,1.7,2,3.6,0.6,0.1,0.8,1,4.9
275,Treveon Graham\grahatr01,SG,24,CHO,37,1,16.9,1.7,3.9,0.432,0.7,1.6,0.433,1,2.3,0.43,0.521,0.7,0.9,0.714,0.7,1.5,2.2,0.9,0.5,0,0.5,1.8,4.8
276,Will Barton\bartowi01,SG,27,DEN,50,16,31.8,5.2,12.1,0.431,1.7,5,0.351,3.5,7.2,0.486,0.502,2,2.7,0.756,0.8,4,4.8,4,1.1,0.6,1.9,1.9,14.2
277,Bryn Forbes\forbebr01,SG,24,SAS,53,12,21,3,7,0.431,1.4,3.4,0.406,1.6,3.6,0.455,0.53,0.5,0.8,0.545,0.2,1.3,1.5,1,0.4,0,0.5,1.6,7.9
278,Aaron Brooks\brookaa01,PG,33,MIN,24,1,6.4,0.9,2.1,0.431,0.3,0.9,0.333,0.6,1.3,0.5,0.5,0.1,0.2,0.75,0.2,0.3,0.5,0.7,0.2,0,0.3,0.8,2.3
279,Lauri Markkanen\markkla01,PF,20,CHI,47,47,30.2,5.5,12.8,0.43,2.3,6.4,0.365,3.2,6.5,0.493,0.52,2,2.3,0.855,1.1,6.7,7.7,1.3,0.5,0.6,1.2,1.6,15.3
280,Andre Iguodala\iguodan01,SF,34,GSW,43,4,25.7,2.1,4.9,0.429,0.4,1.7,0.227,1.7,3.2,0.54,0.469,1,1.5,0.636,0.8,2.9,3.8,3.3,0.9,0.6,1,1.5,5.6
281,Luke Kennard\kennalu01,SG,21,DET,43,4,18.4,2.5,5.9,0.429,1.1,2.5,0.426,1.5,3.4,0.432,0.52,0.7,0.8,0.882,0.3,1.9,2.2,1.3,0.6,0.2,0.9,1,6.8
282,Cole Aldrich\aldrico01,C,29,MIN,11,0,2.3,0.3,0.6,0.429,0,0,,0.3,0.6,0.429,0.429,0.2,0.4,0.5,0.2,0.4,0.5,0.1,0.2,0,0.1,0.4,0.7
283,Ryan Arcidiacono\arcidry01,PG,23,CHI,7,0,11,0.4,1,0.429,0.3,0.9,0.333,0.1,0.1,1,0.571,0.3,0.3,1,0,0.4,0.4,1.3,0.4,0,0.1,1.1,1.4
284,Josh Magette\magetjo01,PG,28,ATL,9,0,7.7,0.7,1.6,0.429,0.3,0.7,0.5,0.3,0.9,0.375,0.536,0.7,0.7,1,0.1,0.6,0.7,2,0.2,0,0.2,0.7,2.3
285,Alex Poythress\poythal01,PF,24,IND,21,0,4.3,0.4,1,0.429,0.1,0.4,0.375,0.3,0.6,0.462,0.5,0,0,,0.3,0.3,0.6,0.1,0.1,0,0.1,0.6,1
286,Rashad Vaughn\vaughra01,SG,21,MIL,20,0,8.4,1.1,2.5,0.429,0.7,1.7,0.382,0.4,0.8,0.533,0.561,0.2,0.3,0.667,0.1,0.8,0.8,0.6,0.2,0.2,0.1,0.6,3
287,Ivica Zubac\zubaciv01,C,20,LAL,13,0,3.7,0.5,1.1,0.429,0,0,,0.5,1.1,0.429,0.429,0,0,,0.2,0.5,0.8,0.1,0,0,0.4,0.4,0.9
288,Jeff Teague\teaguje01,PG,29,MIN,43,43,33.3,4.7,11,0.427,1.1,3.2,0.353,3.6,7.9,0.457,0.478,2.5,3,0.809,0.4,2.5,3,6.9,1.5,0.3,2.7,2.7,13
289,Fred VanVleet\vanvlfr01,PG,23,TOR,47,0,18.1,2.7,6.4,0.427,1.1,2.8,0.402,1.6,3.6,0.446,0.515,1,1.2,0.855,0.3,2,2.2,2.8,0.8,0.2,0.9,1.7,7.6
290,Jarrett Jack\jackja01,PG,34,NYK,50,49,26.5,3.2,7.5,0.426,0.4,1.4,0.279,2.8,6.1,0.459,0.452,0.9,1.1,0.789,0.3,3,3.3,6.1,0.6,0.1,1.9,1.8,7.6
291,Tim Hardaway\hardati02,SG,25,NYK,30,27,32.6,6.2,14.5,0.426,2.4,7.1,0.34,3.8,7.4,0.509,0.509,2.7,3.4,0.796,0.6,3.5,4.1,2.9,1.1,0.2,1.5,2,17.5
292,Brandon Paul\paulbr01,SG,26,SAS,47,2,9.9,0.9,2.1,0.426,0.3,1,0.304,0.6,1.2,0.527,0.495,0.4,0.6,0.6,0.1,1.2,1.2,0.7,0.5,0.1,0.5,1,2.5
293,J.J. Barea\bareajo01,PG,33,DAL,48,1,22.9,4.2,9.8,0.426,1.6,4.4,0.363,2.6,5.4,0.477,0.507,1.4,1.8,0.773,0.2,3,3.1,5.8,0.5,0,1.9,1.4,11.4
294,Ian Clark\clarkia01,SG,26,NOP,44,1,16.4,2.2,5.1,0.426,0.7,2.4,0.308,1.4,2.7,0.529,0.498,0.5,0.8,0.676,0.1,1.4,1.5,1.2,0.4,0.1,0.6,1.4,5.6
295,Kent Bazemore\bazemke01,SG,28,ATL,51,51,28.1,4.5,10.5,0.425,1.6,4.3,0.384,2.8,6.2,0.454,0.504,2.5,3.1,0.794,0.4,3.6,4,3.6,1.7,0.7,2.5,2.2,13.1
296,Ryan Anderson\anderry01,PF,29,HOU,48,47,28.3,3.4,7.9,0.425,2.1,5.6,0.369,1.3,2.3,0.559,0.555,1.2,1.5,0.792,1.5,3.9,5.4,1,0.4,0.3,0.8,1.9,10
297,Denzel Valentine\valende01,SG,24,CHI,51,31,28.4,3.8,9,0.425,1.9,4.8,0.395,1.9,4.2,0.458,0.529,0.5,0.6,0.8,0.7,4.7,5.4,3.1,0.7,0.1,1.2,2.4,10
298,Justise Winslow\winslju01,SF,21,MIA,37,15,23.2,2.5,6,0.425,0.6,1.5,0.418,1.9,4.5,0.428,0.477,0.7,1.1,0.65,0.9,4.4,5.2,2.1,0.6,0.5,1.1,2,6.4
299,Raymond Felton\feltora01,PG,33,OKC,51,0,16.8,2.8,6.6,0.425,0.9,2.5,0.352,1.9,4.1,0.469,0.491,0.4,0.6,0.733,0.3,1.7,2.1,2.6,0.5,0.2,1,1,7
300,Taurean Waller-Prince\princta02,SF,23,ATL,51,51,30.1,4.4,10.5,0.424,1.8,4.5,0.391,2.7,5.9,0.449,0.508,1.4,1.7,0.802,0.7,4.3,5,2.3,0.9,0.6,2.2,2.2,12
301,Kemba Walker\walkeke02,PG,27,CHO,48,48,34.9,7.5,17.7,0.424,2.7,7.4,0.368,4.8,10.3,0.464,0.501,4.7,5.6,0.84,0.4,3,3.5,5.8,1.2,0.3,2.2,1.4,22.4
302,Trevor Ariza\arizatr01,SF,32,HOU,44,44,35,4.1,9.6,0.424,2.7,7.1,0.383,1.3,2.5,0.541,0.566,1.2,1.4,0.883,0.5,4.1,4.7,1.6,1.5,0.2,0.9,1.9,12.1
303,Jerian Grant\grantje02,PG,25,CHI,51,21,22.3,2.8,6.6,0.424,0.8,2.4,0.336,2,4.2,0.474,0.485,1.7,2.4,0.736,0.4,2,2.4,4.8,0.8,0.1,1.3,1.8,8.2
304,Dejounte Murray\murrade01,PG,21,SAS,53,20,19,2.7,6.4,0.424,0.1,0.3,0.222,2.6,6.1,0.435,0.429,1.2,1.7,0.733,1.2,4,5.2,2.8,0.9,0.3,1.6,1.8,6.8
305,Tyler Johnson\johnsty01,PG,25,MIA,43,15,29.2,4.2,10,0.424,1.6,4.6,0.354,2.6,5.4,0.485,0.506,1.8,2.1,0.835,0.5,3.1,3.6,2.1,0.9,0.6,1.2,2.3,11.9
306,Marcus Morris\morrima03,PF,28,BOS,30,13,24,4.3,10.1,0.424,1.4,3.9,0.356,2.9,6.2,0.468,0.493,2.1,2.7,0.788,0.8,4.5,5.3,1.4,0.6,0.3,1.3,1.9,12.1
307,Joe Johnson\johnsjo02,SF,36,UTA,29,3,22,3,7,0.422,0.7,2.6,0.267,2.3,4.4,0.512,0.471,0.7,0.8,0.826,0.4,3,3.4,1.4,0.4,0.2,1,1.1,7.3
308,Kobi Simmons\simmoko01,PG,20,MEM,12,0,14.7,1.6,3.8,0.422,0.3,1.1,0.231,1.3,2.7,0.5,0.456,0.4,0.4,1,0.3,1.3,1.6,1,0.7,0.3,0.8,1.4,3.8
309,Marc Gasol\gasolma01,C,33,MEM,49,49,34.2,6.2,14.7,0.421,1.4,4.2,0.341,4.8,10.5,0.453,0.47,4.1,4.9,0.842,1.2,7.3,8.5,3.9,0.7,1.5,2.8,2.5,18
310,Eric Gordon\gordoer01,SG,29,HOU,47,24,32.2,6.3,15.1,0.421,3.1,9.3,0.336,3.2,5.8,0.557,0.524,3.3,4.1,0.812,0.4,2,2.4,2.5,0.7,0.3,2.1,1.8,19.1
311,Patty Mills\millspa02,PG,29,SAS,53,12,24.1,3.3,7.8,0.421,1.8,4.7,0.391,1.4,3.1,0.466,0.539,1.2,1.4,0.878,0.2,1.6,1.8,2.7,0.7,0.1,1.4,1.4,9.6
312,Troy Daniels\danietr01,SG,26,PHO,52,3,19.1,2.8,6.7,0.421,2.3,5.5,0.42,0.5,1.2,0.429,0.593,0.8,0.8,0.907,0.1,1.1,1.2,0.6,0.2,0.1,0.7,1.7,8.7
313,Jamal Crawford\crawfja01,SG,37,MIN,52,0,18.9,3.7,8.7,0.421,1.2,3.5,0.339,2.5,5.2,0.478,0.49,1.4,1.6,0.89,0.2,1,1.2,2.4,0.5,0.1,1.1,1.1,9.9
314,Ben McLemore\mclembe01,SG,24,MEM,29,6,16.9,2.5,6,0.42,0.8,2.6,0.297,1.8,3.4,0.51,0.483,0.8,0.9,0.852,0.4,1.5,1.9,0.8,0.6,0.2,0.9,2.6,6.6
315,Gerald Green\greenge01,SG,32,HOU,13,0,24.7,4.5,10.6,0.42,2.9,7.3,0.4,1.5,3.3,0.465,0.558,1.6,2,0.808,0.5,2.6,3.1,0.7,0.6,0.3,0.9,2.3,13.5
316,Jerryd Bayless\bayleje01,SG,29,PHI,35,11,24.9,2.9,7,0.419,1.5,3.9,0.37,1.5,3.1,0.481,0.522,1,1.3,0.795,0.4,1.8,2.2,1.4,0.7,0.2,1.2,2.5,8.3
317,Caris LeVert\leverca01,SF,23,BRK,47,9,26.7,4.3,10.3,0.419,1.2,3.6,0.329,3.1,6.7,0.467,0.476,1.9,2.8,0.687,0.8,3.1,4,4.2,1.2,0.3,2.4,2.2,11.7
318,Carmelo Anthony\anthoca01,PF,33,OKC,50,50,32.6,6.6,15.8,0.418,2.1,6.1,0.353,4.4,9.7,0.458,0.485,2.4,3.1,0.771,0.7,5.2,5.9,1.5,0.7,0.6,1.3,2.7,17.7
319,Jae Crowder\crowdja01,SF,27,CLE,50,44,25.4,3,7.2,0.418,1.2,3.6,0.326,1.8,3.6,0.511,0.5,1.5,1.7,0.872,0.8,2.6,3.4,1.1,0.8,0.2,0.8,2.3,8.7
320,Wilson Chandler\chandwi01,SF,30,DEN,45,42,30.6,3.4,8,0.418,1,3.1,0.324,2.4,4.9,0.477,0.481,1.4,1.6,0.838,1.4,3.8,5.2,2,0.5,0.5,1.5,1.9,9.1
321,Austin Rivers\riverau01,SG,25,LAC,32,30,32.7,5.7,13.7,0.418,2.5,6.3,0.405,3.2,7.4,0.429,0.51,1.8,2.8,0.648,0.5,1.6,2.1,3.6,1.3,0.3,1.9,2.5,15.8
322,John Wall\walljo01,PG,27,WAS,37,37,34.3,6.8,16.3,0.417,1.4,4,0.358,5.4,12.3,0.436,0.461,4.3,6,0.719,0.5,3,3.6,9.3,1.3,1.1,3.6,1.9,19.4
323,Wayne Ellington\ellinwa01,SG,30,MIA,51,2,26.2,3.7,8.9,0.417,3,7.5,0.402,0.7,1.5,0.493,0.584,0.8,0.9,0.813,0.3,2.7,3,1,0.6,0.1,0.7,1.1,11.2
324,Jeremy Lin\linje01,PG,29,BRK,1,1,25,5,12,0.417,1,2,0.5,4,10,0.4,0.458,7,7,1,0,0,0,4,0,0,3,3,18
325,Alec Burks\burksal01,SG,26,UTA,46,0,18.6,3.2,7.6,0.417,0.8,2.5,0.336,2.3,5,0.457,0.473,2.2,2.5,0.871,0.3,2.9,3.3,1.1,0.7,0.2,1,1.3,9.3
326,Richard Jefferson\jefferi01,SF,37,DEN,16,0,8.6,0.6,1.5,0.417,0.1,0.4,0.286,0.5,1.1,0.471,0.458,0.3,0.4,0.571,0.1,0.8,0.9,0.6,0.1,0.1,0.3,0.6,1.6
327,Jon Leuer\leuerjo01,PF,28,DET,8,0,17,1.9,4.5,0.417,0,0.4,0,1.9,4.1,0.455,0.417,1.6,1.9,0.867,0.9,3.1,4,0.6,0.1,0.4,1,2,5.4
328,Kyle Lowry\lowryky01,PG,31,TOR,46,46,32.8,5.2,12.5,0.416,2.9,7.5,0.386,2.3,5,0.461,0.531,3.1,3.6,0.873,0.8,5.2,6,6.6,1.2,0.2,2.7,2.3,16.4
329,Frank Kaminsky\kaminfr01,PF,24,CHO,47,1,23.2,3.9,9.3,0.415,1.2,3.5,0.337,2.7,5.8,0.462,0.478,1.7,2.2,0.775,0.6,3.1,3.7,1.5,0.5,0.3,0.8,1.3,10.6
330,Georgios Papagiannis\papagge01,C,20,SAC,15,0,7.7,1.1,2.7,0.415,0,0,,1.1,2.7,0.415,0.415,0,0,,0.8,1.6,2.4,0.6,0.1,0.4,0.5,0.8,2.3
331,Marco Belinelli\belinma01,SG,31,ATL,50,1,23.4,3.9,9.4,0.414,1.8,4.7,0.371,2.1,4.6,0.457,0.507,1.8,2,0.929,0.3,1.7,1.9,2,0.9,0.1,1.1,0.8,11.4
332,Robert Covington\covinro01,PF,27,PHI,46,46,32.4,4.4,10.6,0.413,2.7,7.1,0.38,1.7,3.5,0.479,0.54,1.7,2,0.856,0.8,4.9,5.7,1.9,1.6,0.8,1.9,3,13.2
333,Rodney Hood\hoodro01,SG,25,UTA,36,12,28.3,6,14.5,0.413,2.7,7,0.386,3.3,7.5,0.437,0.506,2.1,2.4,0.862,0.4,2.6,2.9,1.7,0.8,0.2,1.7,1.8,16.7
334,Zach Collins\colliza01,C,20,POR,35,1,15.4,1.8,4.3,0.413,0.5,1.4,0.367,1.3,2.9,0.436,0.473,0.2,0.5,0.471,0.7,2.7,3.4,0.7,0.3,0.5,0.9,2.2,4.3
335,Justin Anderson\anderju01,SF,24,PHI,20,0,14.5,2.2,5.2,0.413,0.8,2.5,0.3,1.4,2.7,0.519,0.486,0.8,0.9,0.833,0.9,1.8,2.7,0.6,0.5,0.2,0.4,1.7,5.8
336,Al-Farouq Aminu\aminual01,PF,27,POR,38,36,29.9,3.6,8.7,0.412,2,4.9,0.399,1.6,3.7,0.43,0.526,0.8,1.1,0.725,1.2,5.8,7,1.1,0.9,0.7,1,1.9,9.9
337,Wesley Johnson\johnswe01,SF,30,LAC,45,28,24.9,2.6,6.4,0.412,1,3.1,0.326,1.6,3.4,0.49,0.49,0.8,1.1,0.725,0.4,3.3,3.8,1,1.2,1.2,1,2.3,7.1
338,Nik Stauskas\stausni01,SG,24,TOT,26,0,13.7,1.6,3.9,0.412,1.2,2.6,0.441,0.5,1.3,0.353,0.559,0.6,0.8,0.8,0.1,1.5,1.7,0.9,0.3,0.1,0.8,0.5,5
339,Kentavious Caldwell-Pope\caldwke01,SG,24,LAL,42,42,32.9,4.6,11.2,0.411,2,5.7,0.36,2.6,5.5,0.464,0.502,2,2.7,0.754,0.8,3.9,4.7,2,1.6,0.2,1.3,1.8,13.3
340,Marquese Chriss\chrisma01,PF,20,PHO,45,39,21.2,2.6,6.3,0.411,0.8,2.7,0.298,1.8,3.6,0.497,0.475,1.2,1.9,0.616,0.9,4.2,5.1,1.2,0.7,1,1.3,3,7.1
341,Nicolas Batum\batumni01,SG,29,CHO,36,36,31.4,4.2,10.3,0.411,1.3,4.2,0.3,3,6.1,0.486,0.472,1.6,2.1,0.797,0.8,3.6,4.4,4.8,1,0.3,2.2,1.2,11.3
342,De'Aaron Fox\foxde01,PG,20,SAC,43,30,26.8,4.2,10.3,0.41,0.7,1.8,0.359,3.6,8.4,0.421,0.442,1.9,2.6,0.73,0.5,2.1,2.6,4.2,0.9,0.3,2.3,2.4,11
343,Jameer Nelson\nelsoja01,PG,35,NOP,43,0,20.9,2,4.8,0.41,0.9,2.6,0.364,1,2.2,0.463,0.507,0.3,0.4,0.765,0.3,2,2.2,3.6,0.5,0.1,1.3,1.6,5.1
344,DeMarre Carroll\carrode01,SF,31,BRK,47,47,29.2,4.3,10.6,0.409,1.7,5.1,0.345,2.6,5.6,0.467,0.491,2.7,3.4,0.776,1.7,4.9,6.6,2,0.9,0.4,1.5,2.1,13.1
345,Avery Bradley\bradlav01,SG,27,DET,40,40,31.7,5.8,14.3,0.409,1.9,4.9,0.381,4,9.4,0.423,0.474,1.5,2,0.763,0.5,1.9,2.4,2.1,1.2,0.2,2.3,2,15
346,Briante Weber\weberbr01,PG,25,HOU,13,0,9.1,0.7,1.7,0.409,0.3,0.7,0.444,0.4,1,0.385,0.5,0.3,0.3,1,0.2,1.2,1.4,1,0.8,0.2,0.5,1.4,2
347,Garrett Temple\templga01,SG,31,SAC,46,33,25.1,3.1,7.6,0.408,1.3,3.6,0.37,1.8,4,0.443,0.496,0.9,1.2,0.719,0.3,2.1,2.4,2,0.9,0.5,1.3,2.1,8.4
348,Terrence Ross\rosste01,SG,26,ORL,22,20,26.2,3.3,8,0.407,1.3,3.9,0.329,2,4.2,0.478,0.486,1.2,1.6,0.743,0.5,2.7,3.2,1.6,1.2,0.5,1.1,2,9
349,Justin Jackson\jacksju01,SF,22,SAC,36,9,17.8,2.1,5.2,0.406,0.7,2.3,0.313,1.4,2.9,0.481,0.476,0.3,0.4,0.625,0.3,1.7,2.1,0.7,0.4,0.2,0.6,1,5.2
350,Wesley Matthews\matthwe02,SF,31,DAL,52,51,34.5,4.5,11.1,0.405,2.3,6.3,0.375,2.1,4.8,0.442,0.51,1.4,1.7,0.82,0.4,2.9,3.3,2.8,1.2,0.2,1.3,2.3,12.7
351,Tim Frazier\fraziti01,PG,27,WAS,37,11,15.3,1.3,3.1,0.405,0.3,1,0.316,0.9,2.1,0.449,0.457,0.4,0.5,0.778,0.3,1.7,2,3.5,0.8,0.2,1.1,1.7,3.2
352,Jonathan Isaac\isaacjo01,PF,20,ORL,15,2,18.9,2,4.9,0.405,0.3,1.2,0.278,1.7,3.7,0.446,0.439,0.9,1.2,0.778,0.8,2.9,3.7,0.7,0.7,1,1,1.7,5.3
353,Patrick Beverley\beverpa01,SG,29,LAC,11,11,30.4,4.4,10.8,0.403,2.2,5.5,0.4,2.2,5.4,0.407,0.504,1.3,1.5,0.824,1.5,2.6,4.1,2.9,1.7,0.5,2.3,3.1,12.2
354,Vince Carter\cartevi01,SF,41,SAC,31,4,16.6,1.9,4.6,0.403,1,2.6,0.388,0.9,2.1,0.422,0.51,0.4,0.6,0.611,0.3,1.8,2.1,1.1,0.8,0.6,0.5,1.7,5.1
355,Devin Harris\harride01,PG,34,DAL,42,1,18.3,2.6,6.5,0.403,1,2.9,0.342,1.6,3.6,0.451,0.478,2.1,2.5,0.821,0.2,1.7,1.9,1.9,0.7,0.2,1.1,2.3,8.3
356,Johnny O'Bryant\obryajo01,PF,24,CHO,35,0,10.7,1.9,4.8,0.402,0.4,1.2,0.326,1.5,3.6,0.429,0.444,0.6,0.7,0.84,0.8,1.9,2.7,0.4,0.2,0.2,0.4,1.3,4.9
357,Isaiah Taylor\taylois01,PG,23,ATL,37,0,14.1,1.6,4.1,0.401,0.2,0.9,0.273,1.4,3.2,0.437,0.431,0.9,1.5,0.63,0.3,1,1.3,2.2,0.5,0.2,0.8,1.3,4.5
358,Gary Payton\paytoga02,PG,25,TOT,14,6,8.9,1.1,2.9,0.4,0.1,0.9,0.154,1,1.9,0.519,0.425,0.1,0.2,0.667,0.4,1,1.4,0.9,0.2,0.2,0.2,1.5,2.6
359,Udonis Haslem\hasleud01,C,37,MIA,8,0,5.6,0.3,0.6,0.4,0.1,0.4,0.333,0.1,0.3,0.5,0.5,0,0,,0.3,0.4,0.6,0.4,0,0.1,0.3,0.3,0.6
360,Jalen Jones\jonesja04,SF,24,TOT,5,0,4.4,0.4,1,0.4,0.2,0.2,1,0.2,0.8,0.25,0.5,0.4,0.4,1,0,0.6,0.6,0,0,0,0,0.4,1.4
361,Malcolm Miller\millema01,SF,24,TOR,3,0,4.3,0.7,1.7,0.4,0.7,1.3,0.5,0,0.3,0,0.6,0,0,,0.3,0.3,0.7,0,0,0,0,0.3,2
362,Andrew Harrison\harrian01,PG,23,MEM,42,32,21.7,2.5,6.4,0.399,0.7,2.1,0.326,1.9,4.3,0.436,0.453,2,2.5,0.788,0.4,1.8,2.2,2.6,0.7,0.5,1.4,2.2,7.7
363,Malik Beasley\beaslma01,SG,21,DEN,43,0,10.6,1.3,3.2,0.399,0.4,1.4,0.295,0.9,1.8,0.481,0.464,0.3,0.5,0.652,0.3,1.1,1.4,0.6,0.3,0.1,0.4,0.8,3.3
364,Dennis Smith\smithde03,PG,20,DAL,44,44,28.9,5.7,14.2,0.398,1.5,4.6,0.325,4.2,9.6,0.433,0.45,1.9,2.8,0.685,0.7,3.2,3.9,4.8,1,0.3,2.7,2.1,14.8
365,Spencer Dinwiddie\dinwisp01,PG,24,BRK,51,41,28.4,4.4,11,0.398,1.9,5.6,0.334,2.5,5.4,0.464,0.483,2.7,3.3,0.818,0.5,2.7,3.3,6.4,0.7,0.4,1.6,2.4,13.4
366,Dion Waiters\waitedi01,SG,26,MIA,30,30,30.6,5.4,13.7,0.398,1.7,5.7,0.306,3.7,8,0.463,0.461,1.7,2.3,0.739,0.3,2.3,2.6,3.8,0.8,0.3,2.3,2,14.3
367,Thon Maker\makerth01,C,20,MIL,49,8,18,1.6,4.1,0.396,0.4,1.3,0.317,1.2,2.8,0.432,0.446,0.9,1.3,0.683,1.1,2.4,3.5,0.7,0.6,0.9,0.7,2.4,4.6
368,Emmanuel Mudiay\mudiaem01,PG,21,DEN,39,0,17.9,3,7.6,0.396,0.9,2.4,0.379,2.1,5.2,0.404,0.456,1.6,1.9,0.803,0.4,1.7,2.1,2.9,0.5,0.1,1.7,1.1,8.5
369,Josh Jackson\jacksjo02,SF,20,PHO,50,17,22.2,3.9,9.8,0.395,0.7,2.7,0.267,3.1,7.1,0.445,0.432,1.9,3.1,0.609,1.1,2.7,3.8,1.2,0.9,0.3,1.7,2.7,10.3
370,Jared Dudley\dudleja01,PF,32,PHO,26,0,14,1.1,2.7,0.394,0.7,1.8,0.37,0.4,1,0.44,0.514,0.7,0.8,0.9,0.3,1.7,2,2,0.6,0.2,0.4,1.7,3.5
371,Ricky Rubio\rubiori01,PG,27,UTA,49,49,29.4,4,10.1,0.393,1.1,3.5,0.304,2.9,6.6,0.44,0.446,2.4,2.8,0.868,0.5,3.7,4.2,5,1.6,0.1,2.9,2.6,11.4
372,Lance Thomas\thomala01,PF,29,NYK,49,21,18.4,1.4,3.6,0.393,0.6,1.5,0.397,0.8,2.1,0.39,0.475,0.7,0.8,0.821,0.7,1.8,2.5,0.6,0.3,0.2,0.6,1.7,4.1
373,Terrance Ferguson\fergute01,SG,19,OKC,36,9,13,1.2,3,0.393,0.6,2,0.288,0.6,0.9,0.618,0.491,0.1,0.1,0.75,0.4,0.5,0.9,0.3,0.4,0.1,0.2,1.7,3
374,Danny Green\greenda02,SG,30,SAS,42,42,26,3.1,7.9,0.392,1.6,4.4,0.355,1.5,3.5,0.438,0.491,0.5,0.7,0.733,0.5,3.1,3.5,1.9,1,1.1,1.2,1.4,8.3
375,DeAndre Liggins\liggide01,SG,29,TOT,35,1,15.2,0.8,2.1,0.392,0.4,1.1,0.35,0.4,1,0.441,0.486,0.1,0.1,0.4,0.2,1.3,1.5,0.9,0.9,0.3,0.4,1.9,2.1
376,Terry Rozier\roziete01,PG,23,BOS,52,1,23.3,3.3,8.6,0.391,1.5,4.3,0.357,1.8,4.3,0.425,0.481,1,1.3,0.788,0.7,3.8,4.5,2.3,1.1,0.2,0.8,1.4,9.2
377,Norman Powell\powelno01,SG,24,TOR,41,12,17.1,2.5,6.3,0.39,0.8,2.9,0.291,1.6,3.5,0.472,0.456,0.7,0.9,0.806,0.2,1.7,1.9,1.5,0.8,0.3,1.1,1.9,6.5
378,Marcus Georges-Hunt\georgma01,SG,23,MIN,32,0,5.9,0.5,1.3,0.39,0.1,0.4,0.214,0.4,0.8,0.481,0.427,0.3,0.5,0.5,0.2,0.2,0.4,0.2,0.1,0,0.1,0.8,1.3
379,Zach LaVine\lavinza01,SG,22,CHI,9,9,22.2,4.9,12.6,0.389,1.7,4.7,0.357,3.2,7.9,0.408,0.456,2.3,3.2,0.724,0.3,3.8,4.1,2.6,1,0.1,1.6,2.1,13.8
380,Royce O'Neale\onealro01,SF,24,UTA,37,0,11.9,1.3,3.3,0.388,0.5,1.6,0.345,0.7,1.7,0.429,0.471,1,1.3,0.771,0.2,2.4,2.5,1,0.4,0.1,0.5,1,4.1
381,Milos Teodosic\teodomi01,PG,30,LAC,23,23,25.9,3.4,8.9,0.387,2,5.7,0.341,1.5,3.1,0.472,0.498,0.8,0.9,0.857,0.5,2.7,3.1,5.3,0.5,0.1,2.3,2.4,9.6
382,Mike James\jamesmi02,PG,27,TOT,33,10,20.4,3.7,9.5,0.387,0.8,2.9,0.268,2.9,6.6,0.44,0.429,1.9,2.5,0.762,0.4,2.3,2.7,3.6,0.8,0.2,1.5,1.4,10.1
383,Arron Afflalo\afflaar01,SG,32,ORL,37,2,12.8,1.1,2.9,0.387,0.4,1.2,0.372,0.7,1.7,0.397,0.462,0.4,0.5,0.8,0.1,1.1,1.2,0.5,0.1,0.1,0.4,1.1,3.1
384,Allen Crabbe\crabbal01,SG,25,BRK,48,41,28.8,3.9,10.2,0.386,2.3,6.6,0.354,1.6,3.6,0.443,0.5,1.5,1.8,0.839,0.4,4,4.4,1.7,0.6,0.4,1.2,2.2,11.7
385,Marreese Speights\speigma01,C,30,ORL,40,2,13.1,2.6,6.6,0.386,1.6,4.4,0.364,1,2.2,0.432,0.508,0.8,1.1,0.727,0.4,2.2,2.6,0.8,0.2,0.4,0.7,2.1,7.5
386,Alex Abrines\abrinal01,SG,24,OKC,45,5,14.4,1.4,3.6,0.385,1,2.5,0.377,0.4,1,0.404,0.519,0.6,0.7,0.867,0.4,1.2,1.6,0.3,0.5,0,0.4,1.6,4.3
387,C.J. Miles\milescj01,SF,30,TOR,41,3,18.6,3.3,8.5,0.385,2.4,6.4,0.372,0.9,2.1,0.425,0.524,1,1.2,0.824,0.2,1.7,1.9,0.6,0.7,0.4,0.5,1.9,9.9
388,Frank Mason\masonfr01,PG,23,SAC,29,2,18.6,2.7,6.9,0.385,0.6,1.5,0.419,2,5.4,0.376,0.43,1.7,2.2,0.762,0.4,1.7,2.1,2.9,0.5,0.1,1.3,1.1,7.6
389,Malcolm Delaney\delanma01,PG,28,ATL,43,2,19.2,2,5.3,0.384,0.8,2.3,0.351,1.3,3.1,0.409,0.459,1.2,1.5,0.785,0.2,1.7,1.9,2.9,0.6,0.1,1.3,1.6,6.1
390,Matthew Dellavedova\dellama01,PG,27,MIL,34,3,18.7,1.6,4.1,0.383,0.8,2.1,0.394,0.8,2.1,0.371,0.482,0.6,0.6,0.909,0.4,1.3,1.6,3.9,0.4,0,1.3,1.8,4.6
391,Timothe Luwawu-Cabarrot\luwawti01,SF,22,PHI,44,7,17.2,2.2,5.7,0.382,1.1,3.3,0.34,1,2.3,0.441,0.482,1,1.3,0.786,0.3,1.3,1.6,1.2,0.3,0.1,0.8,2.1,6.5
392,Shane Larkin\larkish01,PG,25,BOS,37,0,11.6,1.3,3.3,0.382,0.5,1.3,0.347,0.8,2,0.405,0.451,0.5,0.6,0.864,0.2,1,1.2,1.2,0.4,0.1,0.5,1,3.5
393,Mike Conley\conlemi01,PG,30,MEM,12,12,31.1,5.3,14,0.381,2,6.4,0.312,3.3,7.6,0.44,0.452,4.4,5.5,0.803,0,2.3,2.3,4.1,1,0.3,1.5,2,17.1
394,P.J. Tucker\tuckepj01,SF,32,HOU,49,4,27.1,1.8,4.8,0.381,1.1,3.2,0.342,0.8,1.7,0.457,0.494,0.7,0.8,0.8,1.1,4.8,5.9,0.8,1,0.2,0.8,2.7,5.4
395,Isaiah Canaan\canaais01,PG-SG,26,TOT,20,1,21.1,2.6,6.9,0.38,1.1,3.3,0.333,1.5,3.6,0.423,0.46,2.3,2.6,0.902,0.3,2,2.3,3.8,0.8,0.1,1.5,1.8,8.6
396,Abdel Nader\naderab01,SF,24,BOS,23,0,8.3,0.8,2.2,0.38,0.4,1.1,0.385,0.4,1,0.375,0.48,0.1,0.3,0.5,0.2,0.7,0.9,0.4,0.2,0.2,0.5,0.7,2.2
397,Tyler Ennis\ennisty01,PG,23,LAL,31,11,11.7,1.4,3.7,0.379,0.2,1,0.188,1.2,2.7,0.452,0.405,0.4,0.6,0.722,0.3,1.3,1.6,1.8,0.5,0.2,0.5,1.6,3.5
398,Iman Shumpert\shumpim01,SG,27,CLE,14,6,19.7,1.6,4.1,0.379,0.5,1.9,0.269,1.1,2.3,0.469,0.44,0.8,1.1,0.733,0.5,2.4,2.9,1.2,0.6,0.4,1.2,1.6,4.4
399,Shabazz Muhammad\muhamsh01,SF,25,MIN,30,2,9.8,1.5,3.9,0.379,0.1,0.6,0.211,1.3,3.2,0.412,0.397,0.7,1,0.71,0.5,1,1.5,0.2,0.2,0.1,0.1,0.8,3.8
400,Guerschon Yabusele\yabusgu01,PF,22,BOS,19,0,4.7,0.6,1.5,0.379,0.4,1.1,0.35,0.2,0.5,0.444,0.5,0.1,0.1,1,0.5,0.9,1.5,0.3,0,0.1,0.3,0.7,1.6
401,J.R. Smith\smithjr01,SG,32,CLE,49,46,29.8,2.8,7.3,0.378,1.8,5.1,0.347,1,2.3,0.446,0.497,0.5,0.7,0.676,0.4,2.5,2.9,2,1,0.1,1,2.2,7.8
402,Langston Galloway\gallola01,SG,26,DET,40,2,14.9,2.2,5.8,0.378,1.4,3.8,0.358,0.8,2,0.418,0.496,0.6,0.8,0.774,0.2,1.5,1.7,1,0.6,0.1,0.3,0.8,6.3
403,DeAndre' Bembry\bembrde01,SF,23,ATL,18,0,17.3,1.8,4.9,0.375,0.4,1.1,0.35,1.4,3.8,0.382,0.415,0.8,1.2,0.667,0.4,1.9,2.3,1.4,0.7,0.4,2,1.7,4.8
404,Kyle Singler\singlky01,SF,29,OKC,8,0,5.5,0.8,2,0.375,0.3,0.6,0.4,0.5,1.4,0.364,0.438,0.5,1.1,0.444,0,0.8,0.8,0,0.1,0,0.3,0.5,2.3
405,Jeff Withey\witheje01,C,27,DAL,10,0,3.9,0.6,1.6,0.375,0.2,1,0.2,0.4,0.6,0.667,0.438,0.1,0.2,0.5,0.1,0.9,1,0,0,0.3,0.2,0.3,1.5
406,Patrick Patterson\pattepa01,PF,28,OKC,51,0,14.5,1.1,2.9,0.374,0.8,1.9,0.394,0.3,0.9,0.333,0.507,0.4,0.4,0.909,0.3,1.8,2.1,0.6,0.6,0.3,0.5,1,3.3
407,Juan Hernangomez\hernaju01,PF,22,DEN,18,3,11.8,1.1,2.8,0.373,0.6,1.9,0.314,0.4,0.9,0.5,0.48,0.5,0.6,0.818,0.8,1.6,2.3,0.4,0.2,0.2,0.4,1,3.2
408,Justin Holiday\holidju01,SG,28,CHI,50,50,34,4.3,11.7,0.372,2.4,6.5,0.375,1.9,5.2,0.368,0.477,2.1,2.6,0.828,0.6,3.9,4.5,2.3,1.1,0.6,1.3,2,13.2
409,Tyler Ulis\ulisty01,PG,22,PHO,51,35,23,2.6,7.1,0.372,0.5,1.8,0.258,2.2,5.3,0.411,0.405,1.1,1.4,0.806,0.3,1.4,1.7,4,1.1,0.1,1.6,1.7,6.9
410,Mario Chalmers\chalmma01,PG,31,MEM,45,7,22.6,2.6,7,0.371,0.8,3,0.274,1.8,4,0.444,0.43,1.8,2.2,0.837,0.2,2.6,2.8,3.1,1.3,0.2,1.6,2.8,7.8
411,Dragan Bender\bendedr01,PF,20,PHO,52,8,22.3,1.9,5.1,0.367,1.3,3.5,0.366,0.6,1.6,0.369,0.493,0.3,0.4,0.762,0.3,3.2,3.5,1.2,0.3,0.6,1.2,1.8,5.4
412,Henry Ellenson\ellenhe01,PF,21,DET,19,0,6.8,1.2,3.2,0.367,0.5,1.3,0.36,0.7,1.8,0.371,0.442,0.1,0.2,0.333,0.2,1.7,1.9,0.4,0.2,0,0.5,0.5,2.8
413,Antonio Blakeney\blakean01,SG,21,CHI,12,0,14.2,2.5,6.8,0.366,0.8,2.5,0.3,1.8,4.3,0.404,0.421,1.3,1.8,0.762,0.3,1.4,1.7,0.6,0.2,0,0.7,0.7,7.1
414,Ante Zizic\zizican01,C,21,CLE,12,1,3.4,0.3,0.9,0.364,0,0,,0.3,0.9,0.364,0.364,0.4,0.6,0.714,0.4,0.8,1.3,0.1,0,0.3,0.2,0.3,1.1
415,Isaiah Thomas\thomais02,PG,28,CLE,12,11,26.5,4.8,13.3,0.363,1.5,6,0.25,3.3,7.3,0.455,0.419,4.3,5,0.85,0.6,1.3,1.8,4.2,0.7,0.2,2.8,1.8,15.4
416,Jodie Meeks\meeksjo01,SG,30,WAS,47,0,15.3,1.9,5.3,0.363,0.9,2.9,0.306,1,2.4,0.43,0.446,1.4,1.6,0.865,0.3,1.4,1.7,0.8,0.4,0,0.5,0.8,6.1
417,Stanley Johnson\johnsst04,SF,21,DET,38,25,27.3,2.7,7.6,0.36,1,3.5,0.278,1.8,4.1,0.429,0.424,1.5,2,0.773,0.5,3.2,3.8,1.6,1.2,0.2,0.9,2.4,8
418,Jason Terry\terryja01,SG,40,MIL,20,0,10.7,0.7,2,0.359,0.4,1.3,0.269,0.4,0.7,0.538,0.449,0.1,0.1,1,0.1,0.8,0.9,0.7,0.5,0.2,0.5,0.9,1.9
419,Danilo Gallinari\gallida01,SF,29,LAC,12,12,31.3,4.5,12.6,0.358,1.4,5.5,0.258,3.1,7.1,0.435,0.414,3.1,3.2,0.974,0.2,4.3,4.4,2.4,0.7,0.2,1.3,1.5,13.5
420,Marcus Smart\smartma01,SG,23,BOS,46,10,30.3,3.5,9.7,0.357,1.4,4.6,0.299,2.1,5.2,0.409,0.427,1.8,2.4,0.736,0.8,2.8,3.6,4.7,1.3,0.5,2.5,2.7,10.1
421,Dwayne Bacon\bacondw01,SG,22,CHO,32,6,14.4,1.3,3.6,0.357,0.3,1,0.313,1,2.6,0.373,0.4,0.3,0.4,0.714,0,2.8,2.8,0.6,0.3,0.1,0.5,1.2,3.2
422,Caleb Swanigan\swanica01,PF,20,POR,15,3,8.9,1,2.8,0.357,0.1,0.3,0.2,0.9,2.5,0.378,0.369,0.5,0.9,0.615,0.8,1.6,2.4,0.6,0.3,0.2,0.7,1.6,2.6
423,Josh Huestis\huestjo01,PF,26,OKC,45,1,14.5,0.9,2.6,0.357,0.5,1.7,0.289,0.4,0.9,0.487,0.452,0.1,0.2,0.273,0.6,1.7,2.4,0.3,0.3,0.7,0.5,1.3,2.4
424,Lonzo Ball\balllo01,PG,20,LAL,36,36,33.9,3.9,11.1,0.356,1.6,5.4,0.303,2.3,5.7,0.407,0.43,0.7,1.4,0.48,1.3,5.8,7.1,7.1,1.5,0.9,2.7,2.2,10.2
425,Frank Ntilikina\ntilila01,PG,19,NYK,49,0,20.6,2.1,5.9,0.352,0.6,1.9,0.323,1.4,4,0.366,0.404,0.6,0.8,0.683,0.3,1.8,2.1,3.4,1,0.2,1.8,2.3,5.3
426,Tyler Dorsey\dorsety01,SG,21,ATL,25,0,9.6,1.2,3.6,0.348,0.8,2.1,0.404,0.4,1.5,0.27,0.466,0.6,0.7,0.778,0.2,1.2,1.4,0.7,0.1,0.1,0.3,0.5,3.9
427,Danuel House\houseda01,SG,24,PHO,13,0,12.2,1.4,4,0.346,0.6,1.8,0.333,0.8,2.2,0.357,0.423,1.2,1.3,0.882,0.6,1.7,2.3,0.6,0.3,0,0.4,1.1,4.5
428,Paul Zipser\zipsepa01,SF,23,CHI,42,8,14.5,1.4,4,0.343,0.5,1.7,0.324,0.8,2.3,0.357,0.411,0.2,0.4,0.625,0.2,2.1,2.4,0.8,0.4,0.2,0.8,1.4,3.5
429,Jawun Evans\evansja01,PG,21,LAC,38,4,18.4,2.2,6.3,0.343,0.3,1.3,0.265,1.8,5,0.363,0.37,1,1.2,0.787,0.2,1.8,2,2.4,0.9,0.2,1.1,2.2,5.6
430,Quincy Acy\acyqu01,PF,27,BRK,47,4,19.9,1.8,5.2,0.341,1.4,4.1,0.34,0.4,1.2,0.345,0.474,0.9,1.1,0.8,0.6,3.5,4.2,0.6,0.4,0.3,1,2.1,5.8
431,Ron Baker\bakerro01,SG,24,NYK,29,1,13.3,0.7,2,0.339,0.4,1.1,0.333,0.3,0.9,0.346,0.432,0.7,0.9,0.769,0.2,0.9,1,1.6,0.9,0.2,0.6,1.1,2.4
432,Malik Monk\monkma01,SG,19,CHO,37,0,12.7,1.9,5.5,0.337,1.1,3.2,0.342,0.8,2.4,0.33,0.434,0.3,0.5,0.706,0.1,0.9,0.9,1.3,0.2,0.1,0.6,0.9,5.1
433,Damien Wilkins\wilkida02,SF,38,IND,19,1,8,0.7,2.1,0.333,0.2,0.9,0.222,0.5,1.1,0.429,0.385,0.2,0.2,0.75,0.3,0.6,0.8,0.5,0.1,0.1,0.3,0.4,1.7
434,Lorenzo Brown\brownlo01,PG,27,TOR,11,0,7.6,0.5,1.6,0.333,0,0.5,0,0.5,1.1,0.5,0.333,0,0,,0,0.9,0.9,1.1,0.3,0,0,0.3,1.1
435,Thomas Bryant\bryanth01,C,20,LAL,5,0,3,0.2,0.6,0.333,0.2,0.6,0.333,0,0,,0.5,0.4,0.8,0.5,0.2,0.4,0.6,0.2,0,0,0,0,1
436,Gian Clavell\clavegi01,SG,24,DAL,7,0,9.1,0.9,2.6,0.333,0.9,2.1,0.4,0,0.4,0,0.5,0.3,0.3,1,0.1,0.9,1,0.4,0.3,0,0.3,1.1,2.9
437,Matt Costello\costema01,C,24,SAS,3,0,6,0.3,1,0.333,0,0,,0.3,1,0.333,0.333,0,0,,0.3,2,2.3,0,0,0.7,0.3,1.7,0.7
438,Markelle Fultz\fultzma01,SG,19,PHI,4,0,19,2.3,6.8,0.333,0,0,,2.3,6.8,0.333,0.333,1.5,3,0.5,0.8,1.5,2.3,1.8,0.5,0.3,1.5,1.5,6
439,Nigel Hayes\hayesni01,SF,23,LAL,2,0,5.5,0.5,1.5,0.333,0,1,0,0.5,0.5,1,0.333,0.5,0.5,1,0,0,0,1,0,0,0,0,1.5
440,Derrick Walton\waltode01,PG,22,MIA,14,0,9.8,0.6,1.7,0.333,0.5,1.2,0.412,0.1,0.5,0.143,0.479,0.3,0.3,1,0.1,0.8,0.9,1.1,0.4,0.2,0.1,0.4,1.9
441,Matt Williams\willima05,SG,24,MIA,3,0,3.7,0.7,2,0.333,0.3,1.7,0.2,0.3,0.3,1,0.417,0,0,,0,0.3,0.3,0,0,0,0.3,0.3,1.7
442,James Young\youngja01,SG,22,PHI,5,0,10.4,0.8,2.4,0.333,0.6,2,0.3,0.2,0.4,0.5,0.458,0.8,1.2,0.667,0,0.4,0.4,0.4,0,0,0,0.6,3
443,Malachi Richardson\richama01,SG,22,SAC,25,4,12.8,1.2,3.5,0.33,0.5,1.6,0.308,0.7,2,0.347,0.398,0.7,0.9,0.773,0.2,1.1,1.3,0.5,0.4,0,0.4,1.1,3.5
444,Bobby Brown\brownbo02,PG,33,HOU,20,0,5.8,1,2.9,0.328,0.6,2,0.275,0.4,0.9,0.444,0.422,0.1,0.1,0.5,0,0.4,0.4,0.6,0.2,0,0.5,0.3,2.5
445,Jason Smith\smithja02,C,31,WAS,21,2,9.2,1.2,3.7,0.325,0,1,0.05,1.1,2.7,0.421,0.331,0.6,0.7,0.857,0.8,1.1,1.9,0.4,0.1,0.5,0.5,1.7,3
446,Semi Ojeleye\ojelese01,PF,23,BOS,46,0,13.3,0.8,2.3,0.324,0.6,1.8,0.31,0.2,0.5,0.375,0.444,0.3,0.5,0.619,0.5,1.4,1.8,0.2,0.3,0,0.3,1,2.4
447,Ramon Sessions\sessira01,PG,31,NYK,13,3,12.8,1.3,4.1,0.321,0.2,0.8,0.182,1.2,3.2,0.357,0.34,0.9,1.2,0.8,0.1,1.3,1.4,2.1,0.5,0.1,1.2,1.1,3.7
448,Sean Kilpatrick\kilpase01,SG,28,TOT,28,0,9.3,1.4,4.3,0.319,0.6,2.1,0.267,0.8,2.1,0.373,0.387,0.8,0.8,0.957,0,1.6,1.6,0.8,0.1,0,0.7,0.6,4.1
449,Darrell Arthur\arthuda01,PF,29,DEN,8,1,8.6,0.9,2.8,0.318,0.3,1.4,0.182,0.6,1.4,0.455,0.364,0.1,0.1,1,0.1,1,1.1,0.4,0.4,0.1,1,1,2.1
450,Kay Felder\feldeka01,PG,22,CHI,14,0,9.6,1.4,4.7,0.303,0.3,1.3,0.222,1.1,3.4,0.333,0.333,0.8,0.9,0.917,0.1,0.9,1,1.4,0.2,0.1,1.1,0.8,3.9
451,Michael Carter-Williams\cartemi01,PG,26,CHO,38,2,15.7,1.2,3.9,0.302,0.2,1,0.231,0.9,2.9,0.327,0.332,1.4,1.7,0.813,0.8,1.9,2.7,2.3,0.7,0.4,1.1,1.9,4
452,Jake Layman\laymaja01,SF,23,POR,22,1,5.9,0.5,1.6,0.286,0.1,0.7,0.188,0.3,0.9,0.368,0.329,0.1,0.1,1,0.1,0.4,0.5,0.4,0.1,0.1,0.2,0.6,1.1
453,Quincy Pondexter\pondequ01,SF,29,CHI,23,1,8.5,0.6,2.1,0.286,0.1,1,0.136,0.5,1.2,0.407,0.316,0.6,0.7,0.824,0.3,0.8,1.2,0.4,0.3,0.1,0.5,1,2
454,Antonius Cleveland\clevean01,SG,23,DAL,13,0,6.2,0.3,1.1,0.286,0,0.1,0,0.3,1,0.308,0.286,0.2,0.3,0.5,0.2,0.6,0.8,0.2,0.5,0.3,0.2,0.8,0.8
455,Myke Henry\henrymy01,SF,25,MEM,6,0,18.8,1.3,4.7,0.286,1.2,3.2,0.368,0.2,1.5,0.111,0.411,0.5,1,0.5,0.3,1.8,2.2,1,1.2,0.7,1,1.2,4.3
456,Demetrius Jackson\jacksde01,PG,23,HOU,12,0,5.3,0.3,1.2,0.286,0,0.5,0,0.3,0.7,0.5,0.286,0,0,,0.3,0.6,0.9,0.4,0.3,0.1,0.8,0.5,0.7
457,James Michael McAdoo\mcadoja01,PF,25,PHI,3,0,6,0.7,2.3,0.286,0.7,2.3,0.286,0,0,,0.429,0.7,0.7,1,0,0.7,0.7,0,0,0.3,0.3,0.3,2.7
458,Milton Doyle\doylemi01,SG,24,BRK,6,0,10.5,1.2,4.2,0.28,0.3,2.2,0.154,0.8,2,0.417,0.32,0.3,0.5,0.667,0.3,1.2,1.5,0.7,0.3,0.2,0.3,0.5,3
459,Tony Bradley\bradlto01,C,20,UTA,8,0,3.5,0.4,1.4,0.273,0,0.1,0,0.4,1.3,0.3,0.273,0.3,0.3,1,0.5,0.9,1.4,0.1,0,0,0,0.1,1
460,Jabari Bird\birdja01,SG,23,BOS,4,0,5.5,0.3,1,0.25,0,0.5,0,0.3,0.5,0.5,0.25,0.8,1.3,0.6,0,0.5,0.5,0.3,0.3,0,0,0.5,1.3
461,Charles Cooke\cookech01,SG,23,NOP,6,0,3,0.3,1.3,0.25,0.2,0.7,0.25,0.2,0.7,0.25,0.313,0.2,0.3,0.5,0,0,0,0.2,0.2,0,0.2,0,1
462,Darrun Hilliard\hillida01,SG,24,SAS,10,0,6.4,0.3,1.2,0.25,0,0.4,0,0.3,0.8,0.375,0.25,0.1,0.2,0.5,0,0.4,0.4,0.4,0.2,0,0.3,0.5,0.7
463,John Holland\hollajo02,SF,29,CLE,4,0,4.3,0.3,1,0.25,0.3,0.5,0.5,0,0.5,0,0.375,0,0,,0,0.5,0.5,0,0,0,0.3,0,0.8
464,Furkan Korkmaz\korkmfu01,SG,20,PHI,6,0,5.3,0.5,2,0.25,0.2,1.3,0.125,0.3,0.7,0.5,0.292,0.3,0.3,1,0.3,0.7,1,0.3,0.2,0,0.2,0.7,1.5
465,Alec Peters\peteral01,PF,22,PHO,6,0,10.3,0.7,2.7,0.25,0.5,2.5,0.2,0.2,0.2,1,0.344,0.5,0.5,1,0.3,1.3,1.7,1,0,0.3,0.2,0.3,2.3
466,Josh Smith\smithjo03,PF,32,NOP,3,0,4,0.3,1.3,0.25,0,0,,0.3,1.3,0.25,0.25,0,0,,1,0.3,1.3,0,0,0,0,1,0.7
467,Jacob Wiley\wileyja01,PF,23,BRK,5,0,6.6,0.2,0.8,0.25,0.2,0.4,0.5,0,0.4,0,0.375,0.2,0.4,0.5,0.4,1.8,2.2,0.4,0.2,0,0,0.8,0.8
468,Jamel Artis\artisja01,SG,25,ORL,5,0,11,0.8,3.4,0.235,0,1,0,0.8,2.4,0.333,0.235,0.2,0.6,0.333,0.2,1.2,1.4,0.8,0,0,0,0,1.8
469,Troy Williams\willitr02,SF,23,HOU,4,0,4.3,0.5,2.3,0.222,0,1.3,0,0.5,1,0.5,0.222,0.3,0.8,0.333,0.3,0.8,1,0.3,0.3,0,0.3,0.5,1.3
470,Vander Blue\blueva01,SG,25,LAL,5,0,9,0.2,1,0.2,0,0.4,0,0.2,0.6,0.333,0.2,0.2,0.4,0.5,0,0.2,0.2,0.6,0.2,0,0.6,0.4,0.6
471,Zhou Qi\qizh01,C,22,HOU,14,0,5.4,0.3,1.7,0.167,0.1,1.1,0.133,0.1,0.6,0.222,0.208,0.5,0.7,0.7,0.1,0.8,0.9,0.1,0.1,0.4,0.4,0.9,1.2
472,Nate Wolters\woltena01,PG,26,UTA,5,0,3.8,0.2,1.2,0.167,0,0,,0.2,1.2,0.167,0.167,0,0,,0.2,0.2,0.4,0.2,0,0,0,0.2,0.4
473,Larry Drew\drewla02,PG,27,PHI,3,0,5,0.3,2.3,0.143,0,1,0,0.3,1.3,0.25,0.143,0,0,,0.3,0,0.3,0.7,0,0,0.3,0.7,0.7
474,Kadeem Allen\allenka01,PG,25,BOS,4,0,3.5,0,0.5,0,0,0.5,0,0,0,,0,0.8,1,0.75,0.3,0.3,0.5,0,0.3,0,0.3,0.3,0.8
475,Nicolas Brussino\brussni01,SF,24,ATL,4,0,2.5,0,0.5,0,0,0.5,0,0,0,,0,0,0,,0,0.8,0.8,0,0,0,0,0,0
476,Bruno Caboclo\cabocbr01,SF,22,TOR,2,0,3.5,0,1,0,0,1,0,0,0,,0,0,0,,0,0.5,0.5,0.5,0.5,0,0,0.5,0
477,Jack Cooley\cooleja01,PF,26,SAC,1,0,2,0,1,0,0,0,,0,1,0,0,2,2,1,0,1,1,1,0,0,0,0,2
478,Jarell Eddie\eddieja01,SF,26,BOS,2,0,3,0,0.5,0,0,0.5,0,0,0,,0,0,0,,0,0.5,0.5,0,0.5,0,0,0,0
479,Mindaugas Kuzminskas\kuzmimi01,SF,28,NYK,1,0,2,0,2,0,0,0,,0,2,0,0,0,0,,0,0,0,0,0,0,0,0,0
480,Mangok Mathiang\mathima01,C,25,CHO,3,0,3.3,0,0.7,0,0,0,,0,0.7,0,0,0,0,,0.3,1.7,2,0,0,0,0,0.7,0
481,Josh McRoberts\mcrobjo01,PF,30,DAL,2,0,3,0,0.5,0,0,0.5,0,0,0,,0,0,0,,0,0,0,0,0,0,0,1,0
482,Luis Montero\montelu01,SG,24,DET,2,0,4,0,0.5,0,0,0,,0,0.5,0,0,0,0,,0,1,1,0,0,0,1,0,0
483,Monte Morris\morrimo01,PG,22,DEN,1,0,3,0,1,0,0,1,0,0,0,,0,0,0,,0,0,0,1,0,0,0,0,0
484,Xavier Munford\munfoxa02,SG,25,MIL,1,0,2,0,2,0,0,0,,0,2,0,0,0,0,,1,0,1,0,0,0,0,0,0
485,Marcus Paige\paigema01,PG,24,CHO,1,0,3,0,2,0,0,0,,0,2,0,0,0,0,,0,2,2,0,0,0,0,0,0
486,London Perrantes\perralo01,PG,23,CLE,1,0,3,0,1,0,0,0,,0,1,0,0,0,0,,0,0,0,0,0,0,0,1,0
487,Davon Reed\reedda01,SG,22,PHO,2,0,6.5,0,1,0,0,0.5,0,0,0.5,0,0,0,0,,0,0.5,0.5,0.5,0,0,0.5,0.5,0
488,James Webb\webbja01,SF,24,BRK,3,0,12.7,0,2.7,0,0,2.3,0,0,0.3,0,0,0,0,,0.3,0.7,1,0.7,0.3,0,0,1.7,0
489,R.J. Hunter\hunterj01,SG,24,HOU,2,0,1,0,0,,0,0,,0,0,,,0,0,,0,0.5,0.5,1,0,0,0,0,0
490,Damian Jones\jonesda03,C,22,GSW,1,0,2,0,0,,0,0,,0,0,,,0,0,,1,0,1,0,0,0,0,1,0
491,Tyler Lydon\lydonty01,PF,21,DEN,1,0,2,0,0,,0,0,,0,0,,,0,0,,0,0,0,0,0,0,0,0,0
492,Ben Moore\moorebe01,PF,22,IND,1,0,3,0,0,,0,0,,0,0,,,0,0,,0,0,0,1,0,0,0,2,0
493,Georges Niang\niangge01,PF,24,UTA,1,0,1,0,0,,0,0,,0,0,,,0,0,,0,0,0,0,1,0,0,0,0
